Name,State,Year,Population,Percent change
Alice,North Dakota,1930,169,0.0
Alice,North Dakota,1940,181,7.1
Alice,North Dakota,1950,162,-10.5
Alice,North Dakota,1960,124,-23.5
Alice,North Dakota,1970,83,-33.1
Alice,North Dakota,1980,62,-25.3
Alice,North Dakota,1990,62,0.0
Alice,North Dakota,2000,56,-9.7
Alice,North Dakota,2010,40,-28.6
Alice,North Dakota,2020,41,2.5
Amenia,North Dakota,1930,90,0.0
Amenia,North Dakota,1940,104,15.6
Amenia,North Dakota,1950,127,22.1
Amenia,North Dakota,1960,117,-7.9
Amenia,North Dakota,1970,80,-31.6
Amenia,North Dakota,1980,93,16.3
Amenia,North Dakota,1990,82,-11.8
Amenia,North Dakota,2000,89,8.5
Amenia,North Dakota,2010,94,5.6
Amenia,North Dakota,2020,85,-9.6
Arthur,North Dakota,1930,322,0.0
Arthur,North Dakota,1940,335,4.0
Arthur,North Dakota,1950,380,13.4
Arthur,North Dakota,1960,325,-14.5
Arthur,North Dakota,1970,412,26.8
Arthur,North Dakota,1980,445,8.0
Arthur,North Dakota,1990,400,-10.1
Arthur,North Dakota,2000,402,0.5
Arthur,North Dakota,2010,337,-16.2
Arthur,North Dakota,2020,328,-2.7
Ashley,North Dakota,1910,682,0.0
Ashley,North Dakota,1920,1009,47.9
Ashley,North Dakota,1930,1033,2.4
Ashley,North Dakota,1940,1345,30.2
Ashley,North Dakota,1950,1423,5.8
Ashley,North Dakota,1960,1419,-0.3
Ashley,North Dakota,1970,1236,-12.9
Ashley,North Dakota,1980,1192,-3.6
Ashley,North Dakota,1990,1052,-11.7
Ashley,North Dakota,2000,882,-16.2
Ashley,North Dakota,2010,749,-15.1
Ashley,North Dakota,2020,613,-18.2
Carson,North Dakota,1920,277,0.0
Carson,North Dakota,1930,356,28.5
Carson,North Dakota,1940,473,32.9
Carson,North Dakota,1950,493,4.2
Carson,North Dakota,1960,501,1.6
Carson,North Dakota,1970,466,-7.0
Carson,North Dakota,1980,469,0.6
Carson,North Dakota,1990,383,-18.3
Carson,North Dakota,2000,319,-16.7
Carson,North Dakota,2010,293,-8.2
Carson,North Dakota,2020,254,-13.3
Casselton,North Dakota,1880,360,0.0
Casselton,North Dakota,1890,840,133.3
Casselton,North Dakota,1900,1207,43.7
Casselton,North Dakota,1910,1553,28.7
Casselton,North Dakota,1920,1538,-1.0
Casselton,North Dakota,1930,1253,-18.5
Casselton,North Dakota,1940,1358,8.4
Casselton,North Dakota,1950,1373,1.1
Casselton,North Dakota,1960,1394,1.5
Casselton,North Dakota,1970,1485,6.5
Casselton,North Dakota,1980,1661,11.9
Casselton,North Dakota,1990,1601,-3.6
Casselton,North Dakota,2000,1855,15.9
Casselton,North Dakota,2010,2329,25.6
Casselton,North Dakota,2020,2479,6.4
Edgeley,North Dakota,1900,306,0.0
Edgeley,North Dakota,1910,749,144.8
Edgeley,North Dakota,1920,803,7.2
Edgeley,North Dakota,1930,821,2.2
Edgeley,North Dakota,1940,803,-2.2
Edgeley,North Dakota,1950,943,17.4
Edgeley,North Dakota,1960,992,5.2
Edgeley,North Dakota,1970,888,-10.5
Edgeley,North Dakota,1980,843,-5.1
Edgeley,North Dakota,1990,680,-19.3
Edgeley,North Dakota,2000,637,-6.3
Edgeley,North Dakota,2010,563,-11.6
Edgeley,North Dakota,2020,585,3.9
Elgin,North Dakota,1920,429,0.0
Elgin,North Dakota,1930,505,17.7
Elgin,North Dakota,1940,583,15.4
Elgin,North Dakota,1950,882,51.3
Elgin,North Dakota,1960,944,7.0
Elgin,North Dakota,1970,839,-11.1
Elgin,North Dakota,1980,930,10.8
Elgin,North Dakota,1990,765,-17.7
Elgin,North Dakota,2000,659,-13.9
Elgin,North Dakota,2010,642,-2.6
Elgin,North Dakota,2020,543,-15.4
Ellendale,North Dakota,1890,761,0.0
Ellendale,North Dakota,1900,750,-1.4
Ellendale,North Dakota,1910,1389,85.2
Ellendale,North Dakota,1920,1334,-4.0
Ellendale,North Dakota,1930,1264,-5.2
Ellendale,North Dakota,1940,1517,20.0
Ellendale,North Dakota,1950,1759,16.0
Ellendale,North Dakota,1960,1800,2.3
Ellendale,North Dakota,1970,1517,-15.7
Ellendale,North Dakota,1980,1967,29.7
Ellendale,North Dakota,1990,1798,-8.6
Ellendale,North Dakota,2000,1559,-13.3
Ellendale,North Dakota,2010,1394,-10.6
Ellendale,North Dakota,2020,1125,-19.3
Flasher,North Dakota,1920,287,0.0
Flasher,North Dakota,1930,346,20.6
Flasher,North Dakota,1940,387,11.8
Flasher,North Dakota,1950,413,6.7
Flasher,North Dakota,1960,515,24.7
Flasher,North Dakota,1970,467,-9.3
Flasher,North Dakota,1980,410,-12.2
Flasher,North Dakota,1990,317,-22.7
Flasher,North Dakota,2000,285,-10.1
Flasher,North Dakota,2010,232,-18.6
Flasher,North Dakota,2020,217,-6.5
Forbes,North Dakota,1910,221,0.0
Forbes,North Dakota,1920,293,32.6
Forbes,North Dakota,1930,265,-9.6
Forbes,North Dakota,1940,268,1.1
Forbes,North Dakota,1950,204,-23.9
Forbes,North Dakota,1960,138,-32.4
Forbes,North Dakota,1970,88,-36.2
Forbes,North Dakota,1980,84,-4.5
Forbes,North Dakota,1990,72,-14.3
Forbes,North Dakota,2000,64,-11.1
Forbes,North Dakota,2010,53,-17.2
Forbes,North Dakota,2020,36,-32.1
Gackle,North Dakota,1920,424,0.0
Gackle,North Dakota,1930,493,16.3
Gackle,North Dakota,1940,537,8.9
Gackle,North Dakota,1950,604,12.5
Gackle,North Dakota,1960,523,-13.4
Gackle,North Dakota,1970,470,-10.1
Gackle,North Dakota,1980,456,-3.0
Gackle,North Dakota,1990,450,-1.3
Gackle,North Dakota,2000,335,-25.6
Gackle,North Dakota,2010,310,-7.5
Gackle,North Dakota,2020,281,-9.4
Hague,North Dakota,1910,183,0.0
Hague,North Dakota,1920,315,72.1
Hague,North Dakota,1930,364,15.6
Hague,North Dakota,1940,442,21.4
Hague,North Dakota,1950,328,-25.8
Hague,North Dakota,1960,197,-39.9
Hague,North Dakota,1970,146,-25.9
Hague,North Dakota,1980,127,-13.0
Hague,North Dakota,1990,109,-14.2
Hague,North Dakota,2000,91,-16.5
Hague,North Dakota,2010,71,-22.0
Hague,North Dakota,2020,70,-1.4
Hazelton,North Dakota,1920,382,0.0
Hazelton,North Dakota,1930,446,16.8
Hazelton,North Dakota,1940,500,12.1
Hazelton,North Dakota,1950,453,-9.4
Hazelton,North Dakota,1960,451,-0.4
Hazelton,North Dakota,1970,374,-17.1
Hazelton,North Dakota,1980,266,-28.9
Hazelton,North Dakota,1990,240,-9.8
Hazelton,North Dakota,2000,237,-1.2
Hazelton,North Dakota,2010,235,-0.8
Hazelton,North Dakota,2020,223,-5.1
Hunter,North Dakota,1890,194,0.0
Hunter,North Dakota,1900,407,109.8
Hunter,North Dakota,1910,365,-10.3
Hunter,North Dakota,1920,424,16.2
Hunter,North Dakota,1930,400,-5.7
Hunter,North Dakota,1940,414,3.5
Hunter,North Dakota,1950,417,0.7
Hunter,North Dakota,1960,446,7.0
Hunter,North Dakota,1970,362,-18.8
Hunter,North Dakota,1980,369,1.9
Hunter,North Dakota,1990,341,-7.6
Hunter,North Dakota,2000,326,-4.4
Hunter,North Dakota,2010,261,-19.9
Hunter,North Dakota,2020,332,27.2
Jud,North Dakota,1910,99,0.0
Jud,North Dakota,1920,178,79.8
Jud,North Dakota,1930,140,-21.3
Jud,North Dakota,1940,202,44.3
Jud,North Dakota,1950,175,-13.4
Jud,North Dakota,1960,156,-10.9
Jud,North Dakota,1970,110,-29.5
Jud,North Dakota,1980,118,7.3
Jud,North Dakota,1990,84,-28.8
Jud,North Dakota,2000,76,-9.5
Jud,North Dakota,2010,72,-5.3
Jud,North Dakota,2020,65,-9.7
Kathryn,North Dakota,1920,289,0.0
Kathryn,North Dakota,1930,224,-22.5
Kathryn,North Dakota,1940,229,2.2
Kathryn,North Dakota,1950,200,-12.7
Kathryn,North Dakota,1960,142,-29.0
Kathryn,North Dakota,1970,109,-23.2
Kathryn,North Dakota,1980,95,-12.8
Kathryn,North Dakota,1990,72,-24.2
Kathryn,North Dakota,2000,63,-12.5
Kathryn,North Dakota,2010,52,-17.5
Kathryn,North Dakota,2020,66,26.9
Leith,North Dakota,1920,158,0.0
Leith,North Dakota,1930,174,10.1
Leith,North Dakota,1940,166,-4.6
Leith,North Dakota,1950,160,-3.6
Leith,North Dakota,1960,100,-37.5
Leith,North Dakota,1970,92,-8.0
Leith,North Dakota,1980,59,-35.9
Leith,North Dakota,1990,43,-27.1
Leith,North Dakota,2000,28,-34.9
Leith,North Dakota,2010,16,-42.9
Leith,North Dakota,2020,28,75.0
Linton,North Dakota,1910,644,0.0
Linton,North Dakota,1920,1011,57.0
Linton,North Dakota,1930,1192,17.9
Linton,North Dakota,1940,1602,34.4
Linton,North Dakota,1950,1675,4.6
Linton,North Dakota,1960,1826,9.0
Linton,North Dakota,1970,1695,-7.2
Linton,North Dakota,1980,1561,-7.9
Linton,North Dakota,1990,1410,-9.7
Linton,North Dakota,2000,1321,-6.3
Linton,North Dakota,2010,1097,-17.0
Linton,North Dakota,2020,1071,-2.4
Litchville,North Dakota,1910,484,0.0
Litchville,North Dakota,1920,528,9.1
Litchville,North Dakota,1930,410,-22.3
Litchville,North Dakota,1940,430,4.9
Litchville,North Dakota,1950,408,-5.1
Litchville,North Dakota,1960,345,-15.4
Litchville,North Dakota,1970,294,-14.8
Litchville,North Dakota,1980,251,-14.6
Litchville,North Dakota,1990,205,-18.3
Litchville,North Dakota,2000,191,-6.8
Litchville,North Dakota,2010,172,-9.9
Litchville,North Dakota,2020,169,-1.7
Ludden,North Dakota,1910,109,0.0
Ludden,North Dakota,1920,132,21.1
Ludden,North Dakota,1930,164,24.2
Ludden,North Dakota,1940,150,-8.5
Ludden,North Dakota,1950,96,-36.0
Ludden,North Dakota,1960,59,-38.5
Ludden,North Dakota,1970,44,-25.4
Ludden,North Dakota,1980,47,6.8
Ludden,North Dakota,1990,41,-12.8
Ludden,North Dakota,2000,29,-29.3
Ludden,North Dakota,2010,23,-20.7
Ludden,North Dakota,2020,15,-34.8
Marion,North Dakota,1910,241,0.0
Marion,North Dakota,1920,294,22.0
Marion,North Dakota,1930,258,-12.2
Marion,North Dakota,1940,242,-6.2
Marion,North Dakota,1950,272,12.4
Marion,North Dakota,1960,309,13.6
Marion,North Dakota,1970,215,-30.4
Marion,North Dakota,1980,214,-0.5
Marion,North Dakota,1990,169,-21.0
Marion,North Dakota,2000,146,-13.6
Marion,North Dakota,2010,133,-8.9
Marion,North Dakota,2020,125,-6.0
Monango,North Dakota,1910,238,0.0
Monango,North Dakota,1920,231,-2.9
Monango,North Dakota,1930,211,-8.7
Monango,North Dakota,1940,175,-17.1
Monango,North Dakota,1950,138,-21.1
Monango,North Dakota,1960,133,-3.6
Monango,North Dakota,1970,112,-15.8
Monango,North Dakota,1980,59,-47.3
Monango,North Dakota,1990,53,-10.2
Monango,North Dakota,2000,28,-47.2
Monango,North Dakota,2010,36,28.6
Monango,North Dakota,2020,30,-16.7
Mott,North Dakota,1920,723,0.0
Mott,North Dakota,1930,1036,43.3
Mott,North Dakota,1940,1220,17.8
Mott,North Dakota,1950,1583,29.8
Mott,North Dakota,1960,1463,-7.6
Mott,North Dakota,1970,1368,-6.5
Mott,North Dakota,1980,1315,-3.9
Mott,North Dakota,1990,1019,-22.5
Mott,North Dakota,2000,808,-20.7
Mott,North Dakota,2010,721,-10.8
Mott,North Dakota,2020,653,-9.4
New England,North Dakota,1920,613,0.0
New England,North Dakota,1930,911,48.6
New England,North Dakota,1940,895,-1.8
New England,North Dakota,1950,1117,24.8
New England,North Dakota,1960,1095,-2.0
New England,North Dakota,1970,906,-17.3
New England,North Dakota,1980,825,-8.9
New England,North Dakota,1990,663,-19.6
New England,North Dakota,2000,555,-16.3
New England,North Dakota,2010,600,8.1
New England,North Dakota,2020,683,13.8
New Leipzig,North Dakota,1920,378,0.0
New Leipzig,North Dakota,1930,443,17.2
New Leipzig,North Dakota,1940,366,-17.4
New Leipzig,North Dakota,1950,447,22.1
New Leipzig,North Dakota,1960,390,-12.8
New Leipzig,North Dakota,1970,354,-9.2
New Leipzig,North Dakota,1980,352,-0.6
New Leipzig,North Dakota,1990,326,-7.4
New Leipzig,North Dakota,2000,274,-16.0
New Leipzig,North Dakota,2010,221,-19.3
New Leipzig,North Dakota,2020,218,-1.4
Nome,North Dakota,1910,218,0.0
Nome,North Dakota,1920,267,22.5
Nome,North Dakota,1930,218,-18.4
Nome,North Dakota,1940,277,27.1
Nome,North Dakota,1950,217,-21.7
Nome,North Dakota,1960,145,-33.2
Nome,North Dakota,1970,103,-29.0
Nome,North Dakota,1980,67,-35.0
Nome,North Dakota,1990,82,22.4
Nome,North Dakota,2000,70,-14.6
Nome,North Dakota,2010,62,-11.4
Nome,North Dakota,2020,51,-17.7
Regent,North Dakota,1920,262,0.0
Regent,North Dakota,1930,308,17.6
Regent,North Dakota,1940,261,-15.3
Regent,North Dakota,1950,405,55.2
Regent,North Dakota,1960,388,-4.2
Regent,North Dakota,1970,344,-11.3
Regent,North Dakota,1980,297,-13.7
Regent,North Dakota,1990,268,-9.8
Regent,North Dakota,2000,211,-21.3
Regent,North Dakota,2010,160,-24.2
Regent,North Dakota,2020,170,6.3
Rutland,North Dakota,1910,224,0.0
Rutland,North Dakota,1920,291,29.9
Rutland,North Dakota,1930,264,-9.3
Rutland,North Dakota,1940,305,15.5
Rutland,North Dakota,1950,309,1.3
Rutland,North Dakota,1960,308,-0.3
Rutland,North Dakota,1970,225,-26.9
Rutland,North Dakota,1980,250,11.1
Rutland,North Dakota,1990,212,-15.2
Rutland,North Dakota,2000,220,3.8
Rutland,North Dakota,2010,163,-25.9
Rutland,North Dakota,2020,163,0.0
Selfridge,North Dakota,1910,25,0.0
Selfridge,North Dakota,1920,153,512.0
Selfridge,North Dakota,1930,351,129.4
Selfridge,North Dakota,1940,329,-6.3
Selfridge,North Dakota,1950,343,4.3
Selfridge,North Dakota,1960,371,8.2
Selfridge,North Dakota,1970,346,-6.7
Selfridge,North Dakota,1980,273,-21.1
Selfridge,North Dakota,1990,242,-11.4
Selfridge,North Dakota,2000,223,-7.9
Selfridge,North Dakota,2010,160,-28.3
Selfridge,North Dakota,2020,127,-20.6
Strasburg,North Dakota,1910,273,0.0
Strasburg,North Dakota,1920,653,139.2
Strasburg,North Dakota,1930,695,6.4
Strasburg,North Dakota,1940,994,43.0
Strasburg,North Dakota,1950,733,-26.3
Strasburg,North Dakota,1960,612,-16.5
Strasburg,North Dakota,1970,642,4.9
Strasburg,North Dakota,1980,623,-3.0
Strasburg,North Dakota,1990,553,-11.2
Strasburg,North Dakota,2000,549,-0.7
Strasburg,North Dakota,2010,409,-25.5
Strasburg,North Dakota,2020,379,-7.3
Streeter,North Dakota,1920,640,0.0
Streeter,North Dakota,1930,711,11.1
Streeter,North Dakota,1940,647,-9.0
Streeter,North Dakota,1950,602,-7.0
Streeter,North Dakota,1960,491,-18.4
Streeter,North Dakota,1970,324,-34.0
Streeter,North Dakota,1980,264,-18.5
Streeter,North Dakota,1990,161,-39.0
Streeter,North Dakota,2000,172,6.8
Streeter,North Dakota,2010,170,-1.2
Streeter,North Dakota,2020,149,-12.4
Venturia,North Dakota,1920,207,0.0
Venturia,North Dakota,1930,233,12.6
Venturia,North Dakota,1940,257,10.3
Venturia,North Dakota,1950,190,-26.1
Venturia,North Dakota,1960,148,-22.1
Venturia,North Dakota,1970,77,-48.0
Venturia,North Dakota,1980,40,-48.1
Venturia,North Dakota,1990,30,-25.0
Venturia,North Dakota,2000,23,-23.3
Venturia,North Dakota,2010,10,-56.5
Venturia,North Dakota,2020,21,110.0
Wishek,North Dakota,1910,432,0.0
Wishek,North Dakota,1920,1003,132.2
Wishek,North Dakota,1930,1146,14.3
Wishek,North Dakota,1940,1112,-3.0
Wishek,North Dakota,1950,1241,11.6
Wishek,North Dakota,1960,1290,3.9
Wishek,North Dakota,1970,1275,-1.2
Wishek,North Dakota,1980,1345,5.5
Wishek,North Dakota,1990,1171,-12.9
Wishek,North Dakota,2000,1122,-4.2
Wishek,North Dakota,2010,1002,-10.7
Wishek,North Dakota,2020,864,-13.8
Zeeland,North Dakota,1910,193,0.0
Zeeland,North Dakota,1920,323,67.4
Zeeland,North Dakota,1930,419,29.7
Zeeland,North Dakota,1940,489,16.7
Zeeland,North Dakota,1950,484,-1.0
Zeeland,North Dakota,1960,427,-11.8
Zeeland,North Dakota,1970,313,-26.7
Zeeland,North Dakota,1980,253,-19.2
Zeeland,North Dakota,1990,197,-22.1
Zeeland,North Dakota,2000,141,-28.4
Zeeland,North Dakota,2010,86,-39.0
Zeeland,North Dakota,2020,82,-4.7
Agar,South Dakota,1930,200,0.0
Agar,South Dakota,1940,142,-29.0
Agar,South Dakota,1950,141,-0.7
Agar,South Dakota,1960,139,-1.4
Agar,South Dakota,1970,156,12.2
Agar,South Dakota,1980,139,-10.9
Agar,South Dakota,1990,82,-41.0
Agar,South Dakota,2000,82,0.0
Agar,South Dakota,2010,76,-7.3
Agar,South Dakota,2020,68,-10.5
Akaska,South Dakota,1910,114,0.0
Akaska,South Dakota,1920,101,-11.4
Akaska,South Dakota,1930,169,67.3
Akaska,South Dakota,1940,151,-10.7
Akaska,South Dakota,1950,84,-44.4
Akaska,South Dakota,1960,90,7.1
Akaska,South Dakota,1970,46,-48.9
Akaska,South Dakota,1980,49,6.5
Akaska,South Dakota,1990,52,6.1
Akaska,South Dakota,2000,31,-40.4
Akaska,South Dakota,2010,42,35.5
Akaska,South Dakota,2020,77,83.3
Altamont,South Dakota,1910,110,0.0
Altamont,South Dakota,1920,116,5.5
Altamont,South Dakota,1930,123,6.0
Altamont,South Dakota,1940,144,17.1
Altamont,South Dakota,1950,76,-47.2
Altamont,South Dakota,1960,77,1.3
Altamont,South Dakota,1970,54,-29.9
Altamont,South Dakota,1980,58,7.4
Altamont,South Dakota,1990,48,-17.2
Altamont,South Dakota,2000,34,-29.2
Altamont,South Dakota,2010,34,0.0
Altamont,South Dakota,2020,32,-5.9
Arlington,South Dakota,1890,270,0.0
Arlington,South Dakota,1900,314,16.3
Arlington,South Dakota,1910,791,151.9
Arlington,South Dakota,1920,1011,27.8
Arlington,South Dakota,1930,1020,0.9
Arlington,South Dakota,1940,1157,13.4
Arlington,South Dakota,1950,1096,-5.3
Arlington,South Dakota,1960,996,-9.1
Arlington,South Dakota,1970,954,-4.2
Arlington,South Dakota,1980,991,3.9
Arlington,South Dakota,1990,908,-8.4
Arlington,South Dakota,2000,992,9.3
Arlington,South Dakota,2010,915,-7.8
Arlington,South Dakota,2020,915,0.0
Armour,South Dakota,1890,482,0.0
Armour,South Dakota,1900,912,89.2
Armour,South Dakota,1910,968,6.1
Armour,South Dakota,1920,1045,8.0
Armour,South Dakota,1930,1009,-3.4
Armour,South Dakota,1940,1013,0.4
Armour,South Dakota,1950,900,-11.2
Armour,South Dakota,1960,875,-2.8
Armour,South Dakota,1970,925,5.7
Armour,South Dakota,1980,819,-11.5
Armour,South Dakota,1990,854,4.3
Armour,South Dakota,2000,782,-8.4
Armour,South Dakota,2010,699,-10.6
Armour,South Dakota,2020,698,-0.1
Artesian,South Dakota,1890,256,0.0
Artesian,South Dakota,1900,339,32.4
Artesian,South Dakota,1910,583,72.0
Artesian,South Dakota,1920,689,18.2
Artesian,South Dakota,1930,556,-19.3
Artesian,South Dakota,1940,502,-9.7
Artesian,South Dakota,1950,429,-14.5
Artesian,South Dakota,1960,330,-23.1
Artesian,South Dakota,1970,277,-16.1
Artesian,South Dakota,1980,227,-18.1
Artesian,South Dakota,1990,217,-4.4
Artesian,South Dakota,2000,157,-27.6
Artesian,South Dakota,2010,138,-12.1
Artesian,South Dakota,2020,129,-6.5
Avon,South Dakota,1910,451,0.0
Avon,South Dakota,1920,630,39.7
Avon,South Dakota,1930,670,6.3
Avon,South Dakota,1940,728,8.7
Avon,South Dakota,1950,692,-4.9
Avon,South Dakota,1960,637,-7.9
Avon,South Dakota,1970,610,-4.2
Avon,South Dakota,1980,576,-5.6
Avon,South Dakota,1990,576,0.0
Avon,South Dakota,2000,561,-2.6
Avon,South Dakota,2010,590,5.2
Avon,South Dakota,2020,586,-0.7
Badger,South Dakota,1920,162,0.0
Badger,South Dakota,1930,163,0.6
Badger,South Dakota,1940,170,4.3
Badger,South Dakota,1950,180,5.9
Badger,South Dakota,1960,117,-35.0
Badger,South Dakota,1970,122,4.3
Badger,South Dakota,1980,99,-18.9
Badger,South Dakota,1990,114,15.2
Badger,South Dakota,2000,144,26.3
Badger,South Dakota,2010,107,-25.7
Badger,South Dakota,2020,129,20.6
Belvidere,South Dakota,1930,214,0.0
Belvidere,South Dakota,1940,187,-12.6
Belvidere,South Dakota,1950,172,-8.0
Belvidere,South Dakota,1960,232,34.9
Belvidere,South Dakota,1970,96,-58.6
Belvidere,South Dakota,1980,80,-16.7
Belvidere,South Dakota,1990,63,-21.2
Belvidere,South Dakota,2000,57,-9.5
Belvidere,South Dakota,2010,49,-14.0
Belvidere,South Dakota,2020,46,-6.1
Beresford,South Dakota,1890,494,0.0
Beresford,South Dakota,1900,1046,111.7
Beresford,South Dakota,1910,1117,6.8
Beresford,South Dakota,1920,1519,36.0
Beresford,South Dakota,1930,1460,-3.9
Beresford,South Dakota,1940,1642,12.5
Beresford,South Dakota,1950,1686,2.7
Beresford,South Dakota,1960,1794,6.4
Beresford,South Dakota,1970,1655,-7.7
Beresford,South Dakota,1980,1865,12.7
Beresford,South Dakota,1990,1849,-0.9
Beresford,South Dakota,2000,2006,8.5
Beresford,South Dakota,2010,2005,0.0
Beresford,South Dakota,2020,2180,8.7
Bonesteel,South Dakota,1910,563,0.0
Bonesteel,South Dakota,1920,652,15.8
Bonesteel,South Dakota,1930,564,-13.5
Bonesteel,South Dakota,1940,532,-5.7
Bonesteel,South Dakota,1950,485,-8.8
Bonesteel,South Dakota,1960,452,-6.8
Bonesteel,South Dakota,1970,354,-21.7
Bonesteel,South Dakota,1980,358,1.1
Bonesteel,South Dakota,1990,297,-17.0
Bonesteel,South Dakota,2000,297,0.0
Bonesteel,South Dakota,2010,275,-7.4
Bonesteel,South Dakota,2020,258,-6.2
Bradley,South Dakota,1910,351,0.0
Bradley,South Dakota,1920,368,4.8
Bradley,South Dakota,1930,291,-20.9
Bradley,South Dakota,1940,311,6.9
Bradley,South Dakota,1950,226,-27.3
Bradley,South Dakota,1960,188,-16.8
Bradley,South Dakota,1970,157,-16.5
Bradley,South Dakota,1980,135,-14.0
Bradley,South Dakota,1990,117,-13.3
Bradley,South Dakota,2000,112,-4.3
Bradley,South Dakota,2010,72,-35.7
Bradley,South Dakota,2020,65,-9.7
Brandt,South Dakota,1910,158,0.0
Brandt,South Dakota,1920,299,89.2
Brandt,South Dakota,1930,265,-11.4
Brandt,South Dakota,1940,271,2.3
Brandt,South Dakota,1950,211,-22.1
Brandt,South Dakota,1960,148,-29.9
Brandt,South Dakota,1970,132,-10.8
Brandt,South Dakota,1980,129,-2.3
Brandt,South Dakota,1990,123,-4.7
Brandt,South Dakota,2000,113,-8.1
Brandt,South Dakota,2010,107,-5.3
Brandt,South Dakota,2020,114,6.5
Brentford,South Dakota,1920,132,0.0
Brentford,South Dakota,1930,174,31.8
Brentford,South Dakota,1940,161,-7.5
Brentford,South Dakota,1950,132,-18.0
Brentford,South Dakota,1960,96,-27.3
Brentford,South Dakota,1970,94,-2.1
Brentford,South Dakota,1980,91,-3.2
Brentford,South Dakota,1990,69,-24.2
Brentford,South Dakota,2000,65,-5.8
Brentford,South Dakota,2010,77,18.5
Brentford,South Dakota,2020,88,14.3
Bristol,South Dakota,1890,199,0.0
Bristol,South Dakota,1900,282,41.7
Bristol,South Dakota,1910,444,57.4
Bristol,South Dakota,1920,545,22.7
Bristol,South Dakota,1930,666,22.2
Bristol,South Dakota,1940,675,1.4
Bristol,South Dakota,1950,647,-4.1
Bristol,South Dakota,1960,562,-13.1
Bristol,South Dakota,1970,470,-16.4
Bristol,South Dakota,1980,445,-5.3
Bristol,South Dakota,1990,419,-5.8
Bristol,South Dakota,2000,377,-10.0
Bristol,South Dakota,2010,341,-9.5
Bristol,South Dakota,2020,288,-15.5
Broadland,South Dakota,1920,129,0.0
Broadland,South Dakota,1930,102,-20.9
Broadland,South Dakota,1940,73,-28.4
Broadland,South Dakota,1950,74,1.4
Broadland,South Dakota,1960,33,-55.4
Broadland,South Dakota,1970,45,36.4
Broadland,South Dakota,1980,49,8.9
Broadland,South Dakota,1990,40,-18.4
Broadland,South Dakota,2000,38,-5.0
Broadland,South Dakota,2010,31,-18.4
Broadland,South Dakota,2020,27,-12.9
Bruce,South Dakota,1910,262,0.0
Bruce,South Dakota,1920,342,30.5
Bruce,South Dakota,1930,371,8.5
Bruce,South Dakota,1940,394,6.2
Bruce,South Dakota,1950,305,-22.6
Bruce,South Dakota,1960,272,-10.8
Bruce,South Dakota,1970,217,-20.2
Bruce,South Dakota,1980,254,17.1
Bruce,South Dakota,1990,235,-7.5
Bruce,South Dakota,2000,272,15.7
Bruce,South Dakota,2010,204,-25.0
Bruce,South Dakota,2020,210,2.9
Bryant,South Dakota,1890,172,0.0
Bryant,South Dakota,1900,405,135.5
Bryant,South Dakota,1910,645,59.3
Bryant,South Dakota,1920,651,0.9
Bryant,South Dakota,1930,656,0.8
Bryant,South Dakota,1940,658,0.3
Bryant,South Dakota,1950,624,-5.2
Bryant,South Dakota,1960,522,-16.3
Bryant,South Dakota,1970,502,-3.8
Bryant,South Dakota,1980,388,-22.7
Bryant,South Dakota,1990,374,-3.6
Bryant,South Dakota,2000,396,5.9
Bryant,South Dakota,2010,456,15.2
Bryant,South Dakota,2020,471,3.3
Burke,South Dakota,1910,311,0.0
Burke,South Dakota,1920,628,101.9
Burke,South Dakota,1930,605,-3.7
Burke,South Dakota,1940,602,-0.5
Burke,South Dakota,1950,829,37.7
Burke,South Dakota,1960,811,-2.2
Burke,South Dakota,1970,892,10.0
Burke,South Dakota,1980,859,-3.7
Burke,South Dakota,1990,756,-12.0
Burke,South Dakota,2000,676,-10.6
Burke,South Dakota,2010,604,-10.7
Burke,South Dakota,2020,575,-4.8
Bushnell,South Dakota,1920,150,0.0
Bushnell,South Dakota,1930,134,-10.7
Bushnell,South Dakota,1940,134,0.0
Bushnell,South Dakota,1950,96,-28.4
Bushnell,South Dakota,1960,92,-4.2
Bushnell,South Dakota,1970,65,-29.3
Bushnell,South Dakota,1980,76,16.9
Bushnell,South Dakota,1990,81,6.6
Bushnell,South Dakota,2000,75,-7.4
Bushnell,South Dakota,2010,65,-13.3
Bushnell,South Dakota,2020,71,9.2
Butler,South Dakota,1910,162,0.0
Butler,South Dakota,1920,156,-3.7
Butler,South Dakota,1930,184,17.9
Butler,South Dakota,1940,153,-16.8
Butler,South Dakota,1950,109,-28.8
Butler,South Dakota,1960,62,-43.1
Butler,South Dakota,1970,38,-38.7
Butler,South Dakota,1980,22,-42.1
Butler,South Dakota,1990,17,-22.7
Butler,South Dakota,2000,17,0.0
Butler,South Dakota,2010,17,0.0
Butler,South Dakota,2020,4,-76.5
Canistota,South Dakota,1910,409,0.0
Canistota,South Dakota,1920,594,45.2
Canistota,South Dakota,1930,590,-0.7
Canistota,South Dakota,1940,665,12.7
Canistota,South Dakota,1950,687,3.3
Canistota,South Dakota,1960,627,-8.7
Canistota,South Dakota,1970,636,1.4
Canistota,South Dakota,1980,626,-1.6
Canistota,South Dakota,1990,608,-2.9
Canistota,South Dakota,2000,700,15.1
Canistota,South Dakota,2010,656,-6.3
Canistota,South Dakota,2020,631,-3.8
Canova,South Dakota,1900,169,0.0
Canova,South Dakota,1910,311,84.0
Canova,South Dakota,1920,338,8.7
Canova,South Dakota,1930,364,7.7
Canova,South Dakota,1940,333,-8.5
Canova,South Dakota,1950,340,2.1
Canova,South Dakota,1960,247,-27.4
Canova,South Dakota,1970,204,-17.4
Canova,South Dakota,1980,194,-4.9
Canova,South Dakota,1990,172,-11.3
Canova,South Dakota,2000,140,-18.6
Canova,South Dakota,2010,105,-25.0
Canova,South Dakota,2020,89,-15.2
Carthage,South Dakota,1890,200,0.0
Carthage,South Dakota,1900,265,32.5
Carthage,South Dakota,1910,554,109.1
Carthage,South Dakota,1920,667,20.4
Carthage,South Dakota,1930,590,-11.5
Carthage,South Dakota,1940,512,-13.2
Carthage,South Dakota,1950,458,-10.5
Carthage,South Dakota,1960,368,-19.7
Carthage,South Dakota,1970,362,-1.6
Carthage,South Dakota,1980,274,-24.3
Carthage,South Dakota,1990,221,-19.3
Carthage,South Dakota,2000,187,-15.4
Carthage,South Dakota,2010,144,-23.0
Carthage,South Dakota,2020,127,-11.8
Castlewood,South Dakota,1900,430,0.0
Castlewood,South Dakota,1910,594,38.1
Castlewood,South Dakota,1920,582,-2.0
Castlewood,South Dakota,1930,500,-14.1
Castlewood,South Dakota,1940,493,-1.4
Castlewood,South Dakota,1950,498,1.0
Castlewood,South Dakota,1960,500,0.4
Castlewood,South Dakota,1970,523,4.6
Castlewood,South Dakota,1980,557,6.5
Castlewood,South Dakota,1990,549,-1.4
Castlewood,South Dakota,2000,666,21.3
Castlewood,South Dakota,2010,627,-5.9
Castlewood,South Dakota,2020,698,11.3
Centerville,South Dakota,1890,723,0.0
Centerville,South Dakota,1900,871,20.5
Centerville,South Dakota,1910,971,11.5
Centerville,South Dakota,1920,1104,13.7
Centerville,South Dakota,1930,1169,5.9
Centerville,South Dakota,1940,1046,-10.5
Centerville,South Dakota,1950,1053,0.7
Centerville,South Dakota,1960,887,-15.8
Centerville,South Dakota,1970,910,2.6
Centerville,South Dakota,1980,892,-2.0
Centerville,South Dakota,1990,887,-0.6
Centerville,South Dakota,2000,910,2.6
Centerville,South Dakota,2010,882,-3.1
Centerville,South Dakota,2020,918,4.1
Chelsea,South Dakota,1920,110,0.0
Chelsea,South Dakota,1930,84,-23.6
Chelsea,South Dakota,1940,51,-39.3
Chelsea,South Dakota,1950,41,-19.6
Chelsea,South Dakota,1960,53,29.3
Chelsea,South Dakota,1970,45,-15.1
Chelsea,South Dakota,1980,41,-8.9
Chelsea,South Dakota,1990,33,-19.5
Chelsea,South Dakota,2000,33,0.0
Chelsea,South Dakota,2010,27,-18.2
Chelsea,South Dakota,2020,19,-29.6
Clark,South Dakota,1880,25,0.0
Clark,South Dakota,1890,592,0.0
Clark,South Dakota,1900,684,15.5
Clark,South Dakota,1910,1220,78.4
Clark,South Dakota,1920,1392,14.1
Clark,South Dakota,1930,1290,-7.3
Clark,South Dakota,1940,1291,0.1
Clark,South Dakota,1950,1471,13.9
Clark,South Dakota,1960,1484,0.9
Clark,South Dakota,1970,1356,-8.6
Clark,South Dakota,1980,1351,-0.4
Clark,South Dakota,1990,1292,-4.4
Clark,South Dakota,2000,1285,-0.5
Clark,South Dakota,2010,1139,-11.4
Clark,South Dakota,2020,1148,0.8
Clear Lake,South Dakota,1890,147,0.0
Clear Lake,South Dakota,1900,491,234.0
Clear Lake,South Dakota,1910,704,43.4
Clear Lake,South Dakota,1920,835,18.6
Clear Lake,South Dakota,1930,834,-0.1
Clear Lake,South Dakota,1940,997,19.5
Clear Lake,South Dakota,1950,1105,10.8
Clear Lake,South Dakota,1960,1137,2.9
Clear Lake,South Dakota,1970,1157,1.8
Clear Lake,South Dakota,1980,1310,13.2
Clear Lake,South Dakota,1990,1247,-4.8
Clear Lake,South Dakota,2000,1335,7.1
Clear Lake,South Dakota,2010,1273,-4.6
Clear Lake,South Dakota,2020,1218,-4.3
Colman,South Dakota,1900,213,0.0
Colman,South Dakota,1910,362,70.0
Colman,South Dakota,1920,535,47.8
Colman,South Dakota,1930,488,-8.8
Colman,South Dakota,1940,462,-5.3
Colman,South Dakota,1950,509,10.2
Colman,South Dakota,1960,505,-0.8
Colman,South Dakota,1970,456,-9.7
Colman,South Dakota,1980,501,9.9
Colman,South Dakota,1990,482,-3.8
Colman,South Dakota,2000,572,18.7
Colman,South Dakota,2010,594,3.8
Colman,South Dakota,2020,634,6.7
Colome,South Dakota,1920,568,0.0
Colome,South Dakota,1930,599,5.5
Colome,South Dakota,1940,509,-15.0
Colome,South Dakota,1950,451,-11.4
Colome,South Dakota,1960,398,-11.8
Colome,South Dakota,1970,375,-5.8
Colome,South Dakota,1980,361,-3.7
Colome,South Dakota,1990,309,-14.4
Colome,South Dakota,2000,340,10.0
Colome,South Dakota,2010,296,-12.9
Colome,South Dakota,2020,331,11.8
Columbia,South Dakota,1880,133,0.0
Columbia,South Dakota,1890,400,200.8
Columbia,South Dakota,1900,143,-64.2
Columbia,South Dakota,1910,235,64.3
Columbia,South Dakota,1920,327,39.1
Columbia,South Dakota,1930,251,-23.2
Columbia,South Dakota,1940,275,9.6
Columbia,South Dakota,1950,270,-1.8
Columbia,South Dakota,1960,272,0.7
Columbia,South Dakota,1970,240,-11.8
Columbia,South Dakota,1980,161,-32.9
Columbia,South Dakota,1990,133,-17.4
Columbia,South Dakota,2000,140,5.3
Columbia,South Dakota,2010,136,-2.9
Columbia,South Dakota,2020,160,17.6
Conde,South Dakota,1900,195,0.0
Conde,South Dakota,1910,592,203.6
Conde,South Dakota,1920,544,-8.1
Conde,South Dakota,1930,431,-20.8
Conde,South Dakota,1940,395,-8.4
Conde,South Dakota,1950,409,3.5
Conde,South Dakota,1960,388,-5.1
Conde,South Dakota,1970,279,-28.1
Conde,South Dakota,1980,259,-7.2
Conde,South Dakota,1990,203,-21.6
Conde,South Dakota,2000,187,-7.9
Conde,South Dakota,2010,140,-25.1
Conde,South Dakota,2020,142,1.4
Corsica,South Dakota,1910,286,0.0
Corsica,South Dakota,1920,346,21.0
Corsica,South Dakota,1930,516,49.1
Corsica,South Dakota,1940,452,-12.4
Corsica,South Dakota,1950,551,21.9
Corsica,South Dakota,1960,479,-13.1
Corsica,South Dakota,1970,615,28.4
Corsica,South Dakota,1980,644,4.7
Corsica,South Dakota,1990,619,-3.9
Corsica,South Dakota,2000,644,4.0
Corsica,South Dakota,2010,592,-8.1
Corsica,South Dakota,2020,561,-5.2
Cresbard,South Dakota,1910,320,0.0
Cresbard,South Dakota,1920,349,9.1
Cresbard,South Dakota,1930,358,2.6
Cresbard,South Dakota,1940,288,-19.6
Cresbard,South Dakota,1950,235,-18.4
Cresbard,South Dakota,1960,229,-2.6
Cresbard,South Dakota,1970,224,-2.2
Cresbard,South Dakota,1980,221,-1.3
Cresbard,South Dakota,1990,185,-16.3
Cresbard,South Dakota,2000,143,-22.7
Cresbard,South Dakota,2010,104,-27.3
Cresbard,South Dakota,2020,96,-7.7
Dallas,South Dakota,1910,1277,0.0
Dallas,South Dakota,1920,705,-44.8
Dallas,South Dakota,1930,423,-40.0
Dallas,South Dakota,1940,278,-34.3
Dallas,South Dakota,1950,244,-12.2
Dallas,South Dakota,1960,212,-13.1
Dallas,South Dakota,1970,233,9.9
Dallas,South Dakota,1980,199,-14.6
Dallas,South Dakota,1990,142,-28.6
Dallas,South Dakota,2000,144,1.4
Dallas,South Dakota,2010,120,-16.7
Dallas,South Dakota,2020,89,-25.8
Dante,South Dakota,1920,175,0.0
Dante,South Dakota,1930,132,-24.6
Dante,South Dakota,1940,118,-10.6
Dante,South Dakota,1950,140,18.6
Dante,South Dakota,1960,102,-27.1
Dante,South Dakota,1970,88,-13.7
Dante,South Dakota,1980,83,-5.7
Dante,South Dakota,1990,98,18.1
Dante,South Dakota,2000,82,-16.3
Dante,South Dakota,2010,84,2.4
Dante,South Dakota,2020,75,-10.7
Davis,South Dakota,1900,151,0.0
Davis,South Dakota,1910,164,8.6
Davis,South Dakota,1920,245,49.4
Davis,South Dakota,1930,209,-14.7
Davis,South Dakota,1940,230,10.0
Davis,South Dakota,1950,153,-33.5
Davis,South Dakota,1960,124,-19.0
Davis,South Dakota,1970,101,-18.5
Davis,South Dakota,1980,100,-1.0
Davis,South Dakota,1990,87,-13.0
Davis,South Dakota,2000,104,19.5
Davis,South Dakota,2010,85,-18.3
Davis,South Dakota,2020,54,-36.5
Delmont,South Dakota,1910,369,0.0
Delmont,South Dakota,1920,518,40.4
Delmont,South Dakota,1930,472,-8.9
Delmont,South Dakota,1940,461,-2.3
Delmont,South Dakota,1950,405,-12.1
Delmont,South Dakota,1960,363,-10.4
Delmont,South Dakota,1970,260,-28.4
Delmont,South Dakota,1980,290,11.5
Delmont,South Dakota,1990,235,-19.0
Delmont,South Dakota,2000,263,11.9
Delmont,South Dakota,2010,234,-11.0
Delmont,South Dakota,2020,153,-34.6
Doland,South Dakota,1890,216,0.0
Doland,South Dakota,1900,235,8.8
Doland,South Dakota,1910,581,147.2
Doland,South Dakota,1920,667,14.8
Doland,South Dakota,1930,538,-19.3
Doland,South Dakota,1940,542,0.7
Doland,South Dakota,1950,535,-1.3
Doland,South Dakota,1960,481,-10.1
Doland,South Dakota,1970,430,-10.6
Doland,South Dakota,1980,381,-11.4
Doland,South Dakota,1990,306,-19.7
Doland,South Dakota,2000,297,-2.9
Doland,South Dakota,2010,180,-39.4
Doland,South Dakota,2020,199,10.6
Dupree,South Dakota,1920,213,0.0
Dupree,South Dakota,1930,365,71.4
Dupree,South Dakota,1940,460,26.0
Dupree,South Dakota,1950,438,-4.8
Dupree,South Dakota,1960,548,25.1
Dupree,South Dakota,1970,523,-4.6
Dupree,South Dakota,1980,562,7.5
Dupree,South Dakota,1990,484,-13.9
Dupree,South Dakota,2000,434,-10.3
Dupree,South Dakota,2010,525,21.0
Dupree,South Dakota,2020,494,-5.9
Eagle Butte,South Dakota,1920,210,0.0
Eagle Butte,South Dakota,1930,387,84.3
Eagle Butte,South Dakota,1940,374,-3.4
Eagle Butte,South Dakota,1950,375,0.3
Eagle Butte,South Dakota,1960,495,32.0
Eagle Butte,South Dakota,1970,530,7.1
Eagle Butte,South Dakota,1980,435,-17.9
Eagle Butte,South Dakota,1990,489,12.4
Eagle Butte,South Dakota,2000,619,26.6
Eagle Butte,South Dakota,2010,1318,112.9
Eagle Butte,South Dakota,2020,1258,-4.6
Egan,South Dakota,1880,23,0.0
Egan,South Dakota,1890,399,0.0
Egan,South Dakota,1900,503,26.1
Egan,South Dakota,1910,516,2.6
Egan,South Dakota,1920,569,10.3
Egan,South Dakota,1930,419,-26.4
Egan,South Dakota,1940,418,-0.2
Egan,South Dakota,1950,347,-17.0
Egan,South Dakota,1960,310,-10.7
Egan,South Dakota,1970,281,-9.4
Egan,South Dakota,1980,248,-11.7
Egan,South Dakota,1990,208,-16.1
Egan,South Dakota,2000,265,27.4
Egan,South Dakota,2010,278,4.9
Egan,South Dakota,2020,241,-13.3
Elkton,South Dakota,1890,331,0.0
Elkton,South Dakota,1900,578,74.6
Elkton,South Dakota,1910,742,28.4
Elkton,South Dakota,1920,872,17.5
Elkton,South Dakota,1930,856,-1.8
Elkton,South Dakota,1940,779,-9.0
Elkton,South Dakota,1950,657,-15.7
Elkton,South Dakota,1960,621,-5.5
Elkton,South Dakota,1970,541,-12.9
Elkton,South Dakota,1980,632,16.8
Elkton,South Dakota,1990,602,-4.7
Elkton,South Dakota,2000,677,12.5
Elkton,South Dakota,2010,736,8.7
Elkton,South Dakota,2020,755,2.6
Erwin,South Dakota,1900,131,0.0
Erwin,South Dakota,1910,230,75.6
Erwin,South Dakota,1920,257,11.7
Erwin,South Dakota,1930,205,-20.2
Erwin,South Dakota,1940,182,-11.2
Erwin,South Dakota,1950,153,-15.9
Erwin,South Dakota,1960,157,2.6
Erwin,South Dakota,1970,106,-32.5
Erwin,South Dakota,1980,66,-37.7
Erwin,South Dakota,1990,42,-36.4
Erwin,South Dakota,2000,58,38.1
Erwin,South Dakota,2010,45,-22.4
Erwin,South Dakota,2020,40,-11.1
Estelline,South Dakota,1890,210,0.0
Estelline,South Dakota,1900,357,70.0
Estelline,South Dakota,1910,509,42.6
Estelline,South Dakota,1920,658,29.3
Estelline,South Dakota,1930,488,-25.8
Estelline,South Dakota,1940,627,28.5
Estelline,South Dakota,1950,760,21.2
Estelline,South Dakota,1960,722,-5.0
Estelline,South Dakota,1970,624,-13.6
Estelline,South Dakota,1980,719,15.2
Estelline,South Dakota,1990,658,-8.5
Estelline,South Dakota,2000,675,2.6
Estelline,South Dakota,2010,768,13.8
Estelline,South Dakota,2020,749,-2.5
Eureka,South Dakota,1890,552,0.0
Eureka,South Dakota,1900,961,74.1
Eureka,South Dakota,1910,961,0.0
Eureka,South Dakota,1920,1200,24.9
Eureka,South Dakota,1930,1308,9.0
Eureka,South Dakota,1940,1457,11.4
Eureka,South Dakota,1950,1576,8.2
Eureka,South Dakota,1960,1555,-1.3
Eureka,South Dakota,1970,1547,-0.5
Eureka,South Dakota,1980,1360,-12.1
Eureka,South Dakota,1990,1197,-12.0
Eureka,South Dakota,2000,1101,-8.0
Eureka,South Dakota,2010,868,-21.2
Eureka,South Dakota,2020,813,-6.3
Fairfax,South Dakota,1910,500,0.0
Fairfax,South Dakota,1920,530,6.0
Fairfax,South Dakota,1930,430,-18.9
Fairfax,South Dakota,1940,338,-21.4
Fairfax,South Dakota,1950,301,-10.9
Fairfax,South Dakota,1960,253,-15.9
Fairfax,South Dakota,1970,199,-21.3
Fairfax,South Dakota,1980,225,13.1
Fairfax,South Dakota,1990,144,-36.0
Fairfax,South Dakota,2000,123,-14.6
Fairfax,South Dakota,2010,115,-6.5
Fairfax,South Dakota,2020,96,-16.5
Faith,South Dakota,1920,575,0.0
Faith,South Dakota,1930,607,5.6
Faith,South Dakota,1940,522,-14.0
Faith,South Dakota,1950,599,14.8
Faith,South Dakota,1960,591,-1.3
Faith,South Dakota,1970,576,-2.5
Faith,South Dakota,1980,576,0.0
Faith,South Dakota,1990,548,-4.9
Faith,South Dakota,2000,489,-10.8
Faith,South Dakota,2010,421,-13.9
Faith,South Dakota,2020,367,-12.8
Farmer,South Dakota,1930,132,0.0
Farmer,South Dakota,1940,130,-1.5
Farmer,South Dakota,1950,114,-12.3
Farmer,South Dakota,1960,95,-16.7
Farmer,South Dakota,1970,58,-38.9
Farmer,South Dakota,1980,27,-53.4
Farmer,South Dakota,1990,23,-14.8
Farmer,South Dakota,2000,18,-21.7
Farmer,South Dakota,2010,10,-44.4
Farmer,South Dakota,2020,15,50.0
Faulkton,South Dakota,1890,462,0.0
Faulkton,South Dakota,1900,539,16.7
Faulkton,South Dakota,1910,802,48.8
Faulkton,South Dakota,1920,709,-11.6
Faulkton,South Dakota,1930,739,4.2
Faulkton,South Dakota,1940,747,1.1
Faulkton,South Dakota,1950,837,12.0
Faulkton,South Dakota,1960,1051,25.6
Faulkton,South Dakota,1970,955,-9.1
Faulkton,South Dakota,1980,981,2.7
Faulkton,South Dakota,1990,809,-17.5
Faulkton,South Dakota,2000,785,-3.0
Faulkton,South Dakota,2010,736,-6.2
Faulkton,South Dakota,2020,826,12.2
Flandreau,South Dakota,1880,471,0.0
Flandreau,South Dakota,1890,569,20.8
Flandreau,South Dakota,1900,1244,118.6
Flandreau,South Dakota,1910,1484,19.3
Flandreau,South Dakota,1920,1929,30.0
Flandreau,South Dakota,1930,1934,0.3
Flandreau,South Dakota,1940,2212,14.4
Flandreau,South Dakota,1950,2193,-0.9
Flandreau,South Dakota,1960,2129,-2.9
Flandreau,South Dakota,1970,2027,-4.8
Flandreau,South Dakota,1980,2114,4.3
Flandreau,South Dakota,1990,2311,9.3
Flandreau,South Dakota,2000,2376,2.8
Flandreau,South Dakota,2010,2341,-1.5
Flandreau,South Dakota,2020,2372,1.3
Florence,South Dakota,1910,270,0.0
Florence,South Dakota,1920,290,7.4
Florence,South Dakota,1930,298,2.8
Florence,South Dakota,1940,254,-14.8
Florence,South Dakota,1950,226,-11.0
Florence,South Dakota,1960,216,-4.4
Florence,South Dakota,1970,175,-19.0
Florence,South Dakota,1980,190,8.6
Florence,South Dakota,1990,192,1.1
Florence,South Dakota,2000,299,55.7
Florence,South Dakota,2010,374,25.1
Florence,South Dakota,2020,337,-9.9
Frankfort,South Dakota,1890,186,0.0
Frankfort,South Dakota,1900,198,6.5
Frankfort,South Dakota,1910,408,106.1
Frankfort,South Dakota,1920,438,7.4
Frankfort,South Dakota,1930,367,-16.2
Frankfort,South Dakota,1940,335,-8.7
Frankfort,South Dakota,1950,331,-1.2
Frankfort,South Dakota,1960,240,-27.5
Frankfort,South Dakota,1970,192,-20.0
Frankfort,South Dakota,1980,209,8.9
Frankfort,South Dakota,1990,192,-8.1
Frankfort,South Dakota,2000,166,-13.5
Frankfort,South Dakota,2010,149,-10.2
Frankfort,South Dakota,2020,134,-10.1
Frederick,South Dakota,1890,281,0.0
Frederick,South Dakota,1900,251,-10.7
Frederick,South Dakota,1910,433,72.5
Frederick,South Dakota,1920,424,-2.1
Frederick,South Dakota,1930,461,8.7
Frederick,South Dakota,1940,422,-8.5
Frederick,South Dakota,1950,408,-3.3
Frederick,South Dakota,1960,381,-6.6
Frederick,South Dakota,1970,359,-5.8
Frederick,South Dakota,1980,307,-14.5
Frederick,South Dakota,1990,241,-21.5
Frederick,South Dakota,2000,255,5.8
Frederick,South Dakota,2010,199,-22.0
Frederick,South Dakota,2020,215,8.0
Freeman,South Dakota,1900,525,0.0
Freeman,South Dakota,1910,615,17.1
Freeman,South Dakota,1920,894,45.4
Freeman,South Dakota,1930,987,10.4
Freeman,South Dakota,1940,976,-1.1
Freeman,South Dakota,1950,944,-3.3
Freeman,South Dakota,1960,1140,20.8
Freeman,South Dakota,1970,1357,19.0
Freeman,South Dakota,1980,1462,7.7
Freeman,South Dakota,1990,1293,-11.6
Freeman,South Dakota,2000,1317,1.9
Freeman,South Dakota,2010,1306,-0.8
Freeman,South Dakota,2020,1329,1.8
Fulton,South Dakota,1920,214,0.0
Fulton,South Dakota,1930,171,-20.1
Fulton,South Dakota,1940,168,-1.8
Fulton,South Dakota,1950,139,-17.3
Fulton,South Dakota,1960,135,-2.9
Fulton,South Dakota,1970,101,-25.2
Fulton,South Dakota,1980,108,6.9
Fulton,South Dakota,1990,70,-35.2
Fulton,South Dakota,2000,86,22.9
Fulton,South Dakota,2010,91,5.8
Fulton,South Dakota,2020,87,-4.4
Garden City,South Dakota,1910,304,0.0
Garden City,South Dakota,1920,204,-32.9
Garden City,South Dakota,1930,257,26.0
Garden City,South Dakota,1940,272,5.8
Garden City,South Dakota,1950,282,3.7
Garden City,South Dakota,1960,226,-19.9
Garden City,South Dakota,1970,126,-44.2
Garden City,South Dakota,1980,104,-17.5
Garden City,South Dakota,1990,93,-10.6
Garden City,South Dakota,2000,72,-22.6
Garden City,South Dakota,2010,53,-26.4
Garden City,South Dakota,2020,33,-37.7
Gary,South Dakota,1890,277,0.0
Gary,South Dakota,1900,345,24.5
Gary,South Dakota,1910,477,38.3
Gary,South Dakota,1920,588,23.3
Gary,South Dakota,1930,543,-7.7
Gary,South Dakota,1940,566,4.2
Gary,South Dakota,1950,558,-1.4
Gary,South Dakota,1960,471,-15.6
Gary,South Dakota,1970,366,-22.3
Gary,South Dakota,1980,354,-3.3
Gary,South Dakota,1990,274,-22.6
Gary,South Dakota,2000,231,-15.7
Gary,South Dakota,2010,227,-1.7
Gary,South Dakota,2020,240,5.7
Geddes,South Dakota,1910,701,0.0
Geddes,South Dakota,1920,695,-0.9
Geddes,South Dakota,1930,680,-2.2
Geddes,South Dakota,1940,581,-14.6
Geddes,South Dakota,1950,502,-13.6
Geddes,South Dakota,1960,380,-24.3
Geddes,South Dakota,1970,308,-18.9
Geddes,South Dakota,1980,303,-1.6
Geddes,South Dakota,1990,280,-7.6
Geddes,South Dakota,2000,252,-10.0
Geddes,South Dakota,2010,208,-17.5
Geddes,South Dakota,2020,156,-25.0
Gettysburg,South Dakota,1910,936,0.0
Gettysburg,South Dakota,1920,951,1.6
Gettysburg,South Dakota,1930,1400,47.2
Gettysburg,South Dakota,1940,1324,-5.4
Gettysburg,South Dakota,1950,1555,17.4
Gettysburg,South Dakota,1960,1950,25.4
Gettysburg,South Dakota,1970,1915,-1.8
Gettysburg,South Dakota,1980,1623,-15.2
Gettysburg,South Dakota,1990,1510,-7.0
Gettysburg,South Dakota,2000,1352,-10.5
Gettysburg,South Dakota,2010,1162,-14.1
Gettysburg,South Dakota,2020,1104,-5.0
Goodwin,South Dakota,1910,145,0.0
Goodwin,South Dakota,1920,157,8.3
Goodwin,South Dakota,1930,140,-10.8
Goodwin,South Dakota,1940,152,8.6
Goodwin,South Dakota,1950,141,-7.2
Goodwin,South Dakota,1960,113,-19.9
Goodwin,South Dakota,1970,114,0.9
Goodwin,South Dakota,1980,139,21.9
Goodwin,South Dakota,1990,126,-9.4
Goodwin,South Dakota,2000,160,27.0
Goodwin,South Dakota,2010,146,-8.7
Goodwin,South Dakota,2020,147,0.7
Gregory,South Dakota,1910,1142,0.0
Gregory,South Dakota,1920,1067,-6.6
Gregory,South Dakota,1930,1034,-3.1
Gregory,South Dakota,1940,1246,20.5
Gregory,South Dakota,1950,1375,10.4
Gregory,South Dakota,1960,1478,7.5
Gregory,South Dakota,1970,1756,18.8
Gregory,South Dakota,1980,1503,-14.4
Gregory,South Dakota,1990,1486,-1.1
Gregory,South Dakota,2000,1342,-9.7
Gregory,South Dakota,2010,1295,-3.5
Gregory,South Dakota,2020,1221,-5.7
Groton,South Dakota,1890,684,0.0
Groton,South Dakota,1900,700,2.3
Groton,South Dakota,1910,1108,58.3
Groton,South Dakota,1920,1273,14.9
Groton,South Dakota,1930,1009,-20.7
Groton,South Dakota,1940,946,-6.2
Groton,South Dakota,1950,1084,14.6
Groton,South Dakota,1960,1063,-1.9
Groton,South Dakota,1970,1021,-4.0
Groton,South Dakota,1980,1230,20.5
Groton,South Dakota,1990,1196,-2.8
Groton,South Dakota,2000,1356,13.4
Groton,South Dakota,2010,1458,7.5
Groton,South Dakota,2020,1380,-5.3
Hartford,South Dakota,1900,423,0.0
Hartford,South Dakota,1910,648,53.2
Hartford,South Dakota,1920,677,4.5
Hartford,South Dakota,1930,628,-7.2
Hartford,South Dakota,1940,647,3.0
Hartford,South Dakota,1950,592,-8.5
Hartford,South Dakota,1960,688,16.2
Hartford,South Dakota,1970,800,16.3
Hartford,South Dakota,1980,1207,50.9
Hartford,South Dakota,1990,1262,4.6
Hartford,South Dakota,2000,1844,46.1
Hartford,South Dakota,2010,2534,37.4
Hartford,South Dakota,2020,3354,32.4
Hayti,South Dakota,1920,293,0.0
Hayti,South Dakota,1930,344,17.4
Hayti,South Dakota,1940,370,7.6
Hayti,South Dakota,1950,413,11.6
Hayti,South Dakota,1960,425,2.9
Hayti,South Dakota,1970,393,-7.5
Hayti,South Dakota,1980,371,-5.6
Hayti,South Dakota,1990,372,0.3
Hayti,South Dakota,2000,367,-1.3
Hayti,South Dakota,2010,381,3.8
Hayti,South Dakota,2020,393,3.1
Hecla,South Dakota,1900,160,0.0
Hecla,South Dakota,1910,462,188.8
Hecla,South Dakota,1920,553,19.7
Hecla,South Dakota,1930,558,0.9
Hecla,South Dakota,1940,555,-0.5
Hecla,South Dakota,1950,500,-9.9
Hecla,South Dakota,1960,444,-11.2
Hecla,South Dakota,1970,407,-8.3
Hecla,South Dakota,1980,435,6.9
Hecla,South Dakota,1990,398,-8.5
Hecla,South Dakota,2000,314,-21.1
Hecla,South Dakota,2010,227,-27.7
Hecla,South Dakota,2020,193,-15.0
Henry,South Dakota,1890,194,0.0
Henry,South Dakota,1900,191,-1.5
Henry,South Dakota,1910,441,130.9
Henry,South Dakota,1920,418,-5.2
Henry,South Dakota,1930,358,-14.4
Henry,South Dakota,1940,322,-10.1
Henry,South Dakota,1950,323,0.3
Henry,South Dakota,1960,276,-14.6
Henry,South Dakota,1970,182,-34.1
Henry,South Dakota,1980,217,19.2
Henry,South Dakota,1990,215,-0.9
Henry,South Dakota,2000,268,24.7
Henry,South Dakota,2010,267,-0.4
Henry,South Dakota,2020,256,-4.1
Herreid,South Dakota,1910,414,0.0
Herreid,South Dakota,1920,460,11.1
Herreid,South Dakota,1930,544,18.3
Herreid,South Dakota,1940,592,8.8
Herreid,South Dakota,1950,633,6.9
Herreid,South Dakota,1960,767,21.2
Herreid,South Dakota,1970,672,-12.4
Herreid,South Dakota,1980,570,-15.2
Herreid,South Dakota,1990,488,-14.4
Herreid,South Dakota,2000,482,-1.2
Herreid,South Dakota,2010,438,-9.1
Herreid,South Dakota,2020,416,-5.0
Herrick,South Dakota,1910,412,0.0
Herrick,South Dakota,1920,422,2.4
Herrick,South Dakota,1930,339,-19.7
Herrick,South Dakota,1940,246,-27.4
Herrick,South Dakota,1950,169,-31.3
Herrick,South Dakota,1960,160,-5.3
Herrick,South Dakota,1970,126,-21.2
Herrick,South Dakota,1980,115,-8.7
Herrick,South Dakota,1990,139,20.9
Herrick,South Dakota,2000,105,-24.5
Herrick,South Dakota,2010,105,0.0
Herrick,South Dakota,2020,74,-29.5
Hillsview,South Dakota,1930,101,0.0
Hillsview,South Dakota,1940,160,58.4
Hillsview,South Dakota,1950,68,-57.5
Hillsview,South Dakota,1960,44,-35.3
Hillsview,South Dakota,1970,19,-56.8
Hillsview,South Dakota,1980,9,-52.6
Hillsview,South Dakota,1990,4,-55.6
Hillsview,South Dakota,2000,3,-25.0
Hillsview,South Dakota,2010,3,0.0
Hillsview,South Dakota,2020,2,-33.3
Hitchcock,South Dakota,1900,135,0.0
Hitchcock,South Dakota,1910,259,91.9
Hitchcock,South Dakota,1920,358,38.2
Hitchcock,South Dakota,1930,334,-6.7
Hitchcock,South Dakota,1940,246,-26.3
Hitchcock,South Dakota,1950,227,-7.7
Hitchcock,South Dakota,1960,193,-15.0
Hitchcock,South Dakota,1970,150,-22.3
Hitchcock,South Dakota,1980,132,-12.0
Hitchcock,South Dakota,1990,95,-28.0
Hitchcock,South Dakota,2000,108,13.7
Hitchcock,South Dakota,2010,91,-15.7
Hitchcock,South Dakota,2020,112,23.1
Hosmer,South Dakota,1910,217,0.0
Hosmer,South Dakota,1920,419,93.1
Hosmer,South Dakota,1930,524,25.1
Hosmer,South Dakota,1940,579,10.5
Hosmer,South Dakota,1950,533,-7.9
Hosmer,South Dakota,1960,433,-18.8
Hosmer,South Dakota,1970,437,0.9
Hosmer,South Dakota,1980,385,-11.9
Hosmer,South Dakota,1990,310,-19.5
Hosmer,South Dakota,2000,287,-7.4
Hosmer,South Dakota,2010,208,-27.5
Hosmer,South Dakota,2020,164,-21.2
Hoven,South Dakota,1910,209,0.0
Hoven,South Dakota,1920,271,29.7
Hoven,South Dakota,1930,386,42.4
Hoven,South Dakota,1940,369,-4.4
Hoven,South Dakota,1950,552,49.6
Hoven,South Dakota,1960,568,2.9
Hoven,South Dakota,1970,671,18.1
Hoven,South Dakota,1980,615,-8.3
Hoven,South Dakota,1990,522,-15.1
Hoven,South Dakota,2000,511,-2.1
Hoven,South Dakota,2010,406,-20.5
Hoven,South Dakota,2020,379,-6.7
Howard,South Dakota,1900,588,0.0
Howard,South Dakota,1910,1026,74.5
Howard,South Dakota,1920,1325,29.1
Howard,South Dakota,1930,1224,-7.6
Howard,South Dakota,1940,1193,-2.5
Howard,South Dakota,1950,1251,4.9
Howard,South Dakota,1960,1208,-3.4
Howard,South Dakota,1970,1175,-2.7
Howard,South Dakota,1980,1169,-0.5
Howard,South Dakota,1990,1156,-1.1
Howard,South Dakota,2000,1071,-7.4
Howard,South Dakota,2010,858,-19.9
Howard,South Dakota,2020,848,-1.2
Humboldt,South Dakota,1920,445,0.0
Humboldt,South Dakota,1930,428,-3.8
Humboldt,South Dakota,1940,417,-2.6
Humboldt,South Dakota,1950,450,7.9
Humboldt,South Dakota,1960,446,-0.9
Humboldt,South Dakota,1970,411,-7.8
Humboldt,South Dakota,1980,487,18.5
Humboldt,South Dakota,1990,468,-3.9
Humboldt,South Dakota,2000,521,11.3
Humboldt,South Dakota,2010,589,13.1
Humboldt,South Dakota,2020,579,-1.7
Hurley,South Dakota,1890,344,0.0
Hurley,South Dakota,1900,444,29.1
Hurley,South Dakota,1910,506,14.0
Hurley,South Dakota,1920,586,15.8
Hurley,South Dakota,1930,586,0.0
Hurley,South Dakota,1940,586,0.0
Hurley,South Dakota,1950,474,-19.1
Hurley,South Dakota,1960,450,-5.1
Hurley,South Dakota,1970,399,-11.3
Hurley,South Dakota,1980,419,5.0
Hurley,South Dakota,1990,372,-11.2
Hurley,South Dakota,2000,426,14.5
Hurley,South Dakota,2010,415,-2.6
Hurley,South Dakota,2020,379,-8.7
Interior,South Dakota,1930,144,0.0
Interior,South Dakota,1940,182,26.4
Interior,South Dakota,1950,126,-30.8
Interior,South Dakota,1960,179,42.1
Interior,South Dakota,1970,81,-54.7
Interior,South Dakota,1980,62,-23.5
Interior,South Dakota,1990,67,8.1
Interior,South Dakota,2000,77,14.9
Interior,South Dakota,2010,94,22.1
Interior,South Dakota,2020,65,-30.9
Irene,South Dakota,1900,229,0.0
Irene,South Dakota,1910,263,14.8
Irene,South Dakota,1920,446,69.6
Irene,South Dakota,1930,491,10.1
Irene,South Dakota,1940,391,-20.4
Irene,South Dakota,1950,374,-4.3
Irene,South Dakota,1960,399,6.7
Irene,South Dakota,1970,461,15.5
Irene,South Dakota,1980,523,13.4
Irene,South Dakota,1990,464,-11.3
Irene,South Dakota,2000,432,-6.9
Irene,South Dakota,2010,420,-2.8
Irene,South Dakota,2020,422,0.5
Iroquois,South Dakota,1890,181,0.0
Iroquois,South Dakota,1900,276,52.5
Iroquois,South Dakota,1910,578,109.4
Iroquois,South Dakota,1920,651,12.6
Iroquois,South Dakota,1930,531,-18.4
Iroquois,South Dakota,1940,413,-22.2
Iroquois,South Dakota,1950,413,0.0
Iroquois,South Dakota,1960,385,-6.8
Iroquois,South Dakota,1970,375,-2.6
Iroquois,South Dakota,1980,348,-7.2
Iroquois,South Dakota,1990,328,-5.7
Iroquois,South Dakota,2000,278,-15.2
Iroquois,South Dakota,2010,266,-4.3
Iroquois,South Dakota,2020,292,9.8
Isabel,South Dakota,1920,240,0.0
Isabel,South Dakota,1930,430,79.2
Isabel,South Dakota,1940,490,14.0
Isabel,South Dakota,1950,511,4.3
Isabel,South Dakota,1960,488,-4.5
Isabel,South Dakota,1970,394,-19.3
Isabel,South Dakota,1980,332,-15.7
Isabel,South Dakota,1990,319,-3.9
Isabel,South Dakota,2000,239,-25.1
Isabel,South Dakota,2010,135,-43.5
Isabel,South Dakota,2020,145,7.4
Kadoka,South Dakota,1910,222,0.0
Kadoka,South Dakota,1920,341,53.6
Kadoka,South Dakota,1930,385,12.9
Kadoka,South Dakota,1940,464,20.5
Kadoka,South Dakota,1950,584,25.9
Kadoka,South Dakota,1960,840,43.8
Kadoka,South Dakota,1970,815,-3.0
Kadoka,South Dakota,1980,832,2.1
Kadoka,South Dakota,1990,736,-11.5
Kadoka,South Dakota,2000,706,-4.1
Kadoka,South Dakota,2010,654,-7.4
Kadoka,South Dakota,2020,543,-17.0
La Bolt,South Dakota,1920,142,0.0
La Bolt,South Dakota,1930,126,-11.3
La Bolt,South Dakota,1940,127,0.8
La Bolt,South Dakota,1950,164,29.1
La Bolt,South Dakota,1960,125,-23.8
La Bolt,South Dakota,1970,90,-28.0
La Bolt,South Dakota,1980,94,4.4
La Bolt,South Dakota,1990,91,-3.2
La Bolt,South Dakota,2000,86,-5.5
La Bolt,South Dakota,2010,68,-20.9
La Bolt,South Dakota,2020,66,-2.9
Lake Andes,South Dakota,1910,920,0.0
Lake Andes,South Dakota,1920,867,-5.8
Lake Andes,South Dakota,1930,1052,21.3
Lake Andes,South Dakota,1940,785,-25.4
Lake Andes,South Dakota,1950,1851,135.8
Lake Andes,South Dakota,1960,1097,-40.7
Lake Andes,South Dakota,1970,948,-13.6
Lake Andes,South Dakota,1980,1029,8.5
Lake Andes,South Dakota,1990,846,-17.8
Lake Andes,South Dakota,2000,819,-3.2
Lake Andes,South Dakota,2010,879,7.3
Lake Andes,South Dakota,2020,710,-19.2
Lake Norden,South Dakota,1910,202,0.0
Lake Norden,South Dakota,1920,408,102.0
Lake Norden,South Dakota,1930,459,12.5
Lake Norden,South Dakota,1940,463,0.9
Lake Norden,South Dakota,1950,373,-19.4
Lake Norden,South Dakota,1960,390,4.6
Lake Norden,South Dakota,1970,393,0.8
Lake Norden,South Dakota,1980,417,6.1
Lake Norden,South Dakota,1990,427,2.4
Lake Norden,South Dakota,2000,432,1.2
Lake Norden,South Dakota,2010,467,8.1
Lake Norden,South Dakota,2020,554,18.6
Lake Preston,South Dakota,1890,337,0.0
Lake Preston,South Dakota,1900,706,109.5
Lake Preston,South Dakota,1910,1007,42.6
Lake Preston,South Dakota,1920,1008,0.1
Lake Preston,South Dakota,1930,944,-6.3
Lake Preston,South Dakota,1940,886,-6.1
Lake Preston,South Dakota,1950,957,8.0
Lake Preston,South Dakota,1960,955,-0.2
Lake Preston,South Dakota,1970,812,-15.0
Lake Preston,South Dakota,1980,789,-2.8
Lake Preston,South Dakota,1990,663,-16.0
Lake Preston,South Dakota,2000,737,11.2
Lake Preston,South Dakota,2010,599,-18.7
Lake Preston,South Dakota,2020,589,-1.7
Lane,South Dakota,1910,294,0.0
Lane,South Dakota,1920,336,14.3
Lane,South Dakota,1930,187,-44.3
Lane,South Dakota,1940,214,14.4
Lane,South Dakota,1950,145,-32.2
Lane,South Dakota,1960,99,-31.7
Lane,South Dakota,1970,94,-5.1
Lane,South Dakota,1980,83,-11.7
Lane,South Dakota,1990,71,-14.5
Lane,South Dakota,2000,59,-16.9
Lane,South Dakota,2010,59,0.0
Lane,South Dakota,2020,47,-20.3
Lebanon,South Dakota,1920,325,0.0
Lebanon,South Dakota,1930,334,2.8
Lebanon,South Dakota,1940,310,-7.2
Lebanon,South Dakota,1950,215,-30.6
Lebanon,South Dakota,1960,198,-7.9
Lebanon,South Dakota,1970,182,-8.1
Lebanon,South Dakota,1980,129,-29.1
Lebanon,South Dakota,1990,115,-10.9
Lebanon,South Dakota,2000,86,-25.2
Lebanon,South Dakota,2010,47,-45.3
Lebanon,South Dakota,2020,33,-29.8
Lennox,South Dakota,1880,89,0.0
Lennox,South Dakota,1890,363,307.9
Lennox,South Dakota,1900,591,62.8
Lennox,South Dakota,1910,745,26.1
Lennox,South Dakota,1920,1074,44.2
Lennox,South Dakota,1930,1113,3.6
Lennox,South Dakota,1940,1164,4.6
Lennox,South Dakota,1950,1218,4.6
Lennox,South Dakota,1960,1353,11.1
Lennox,South Dakota,1970,1487,9.9
Lennox,South Dakota,1980,1827,22.9
Lennox,South Dakota,1990,1767,-3.3
Lennox,South Dakota,2000,2037,15.3
Lennox,South Dakota,2010,2111,3.6
Lennox,South Dakota,2020,2423,14.8
Leola,South Dakota,1910,484,0.0
Leola,South Dakota,1920,637,31.6
Leola,South Dakota,1930,724,13.7
Leola,South Dakota,1940,795,9.8
Leola,South Dakota,1950,772,-2.9
Leola,South Dakota,1960,833,7.9
Leola,South Dakota,1970,787,-5.5
Leola,South Dakota,1980,645,-18.0
Leola,South Dakota,1990,521,-19.2
Leola,South Dakota,2000,462,-11.3
Leola,South Dakota,2010,457,-1.1
Leola,South Dakota,2020,434,-5.0
Lowry,South Dakota,1910,90,0.0
Lowry,South Dakota,1930,89,0.0
Lowry,South Dakota,1940,90,1.1
Lowry,South Dakota,1950,70,-22.2
Lowry,South Dakota,1960,44,-37.1
Lowry,South Dakota,1970,35,-20.5
Lowry,South Dakota,1980,22,-37.1
Lowry,South Dakota,1990,15,-31.8
Lowry,South Dakota,2000,10,-33.3
Lowry,South Dakota,2010,6,-40.0
Lowry,South Dakota,2020,10,66.7
Marion,South Dakota,1900,338,0.0
Marion,South Dakota,1910,462,36.7
Marion,South Dakota,1920,535,15.8
Marion,South Dakota,1930,704,31.6
Marion,South Dakota,1940,765,8.7
Marion,South Dakota,1950,794,3.8
Marion,South Dakota,1960,843,6.2
Marion,South Dakota,1970,844,0.1
Marion,South Dakota,1980,830,-1.7
Marion,South Dakota,1990,831,0.1
Marion,South Dakota,2000,892,7.3
Marion,South Dakota,2010,784,-12.1
Marion,South Dakota,2020,849,8.3
Mellette,South Dakota,1890,241,0.0
Mellette,South Dakota,1900,354,46.9
Mellette,South Dakota,1910,472,33.3
Mellette,South Dakota,1920,507,7.4
Mellette,South Dakota,1930,363,-28.4
Mellette,South Dakota,1940,332,-8.5
Mellette,South Dakota,1950,250,-24.7
Mellette,South Dakota,1960,208,-16.8
Mellette,South Dakota,1970,199,-4.3
Mellette,South Dakota,1980,192,-3.5
Mellette,South Dakota,1990,184,-4.2
Mellette,South Dakota,2000,248,34.8
Mellette,South Dakota,2010,210,-15.3
Mellette,South Dakota,2020,199,-5.2
Menno,South Dakota,1880,52,0.0
Menno,South Dakota,1890,413,694.2
Menno,South Dakota,1900,556,34.6
Menno,South Dakota,1910,621,11.7
Menno,South Dakota,1920,918,47.8
Menno,South Dakota,1930,909,-1.0
Menno,South Dakota,1940,966,6.3
Menno,South Dakota,1950,868,-10.1
Menno,South Dakota,1960,837,-3.6
Menno,South Dakota,1970,796,-4.9
Menno,South Dakota,1980,793,-0.4
Menno,South Dakota,1990,768,-3.2
Menno,South Dakota,2000,729,-5.1
Menno,South Dakota,2010,608,-16.6
Menno,South Dakota,2020,614,1.0
Mission Hill,South Dakota,1920,167,0.0
Mission Hill,South Dakota,1930,184,10.2
Mission Hill,South Dakota,1940,195,6.0
Mission Hill,South Dakota,1950,169,-13.3
Mission Hill,South Dakota,1960,165,-2.4
Mission Hill,South Dakota,1970,161,-2.4
Mission Hill,South Dakota,1980,197,22.4
Mission Hill,South Dakota,1990,180,-8.6
Mission Hill,South Dakota,2000,183,1.7
Mission Hill,South Dakota,2010,177,-3.3
Mission Hill,South Dakota,2020,190,7.3
Monroe,South Dakota,1910,169,0.0
Monroe,South Dakota,1920,217,28.4
Monroe,South Dakota,1930,221,1.8
Monroe,South Dakota,1940,219,-0.9
Monroe,South Dakota,1950,160,-26.9
Monroe,South Dakota,1960,156,-2.5
Monroe,South Dakota,1970,134,-14.1
Monroe,South Dakota,1980,170,26.9
Monroe,South Dakota,1990,151,-11.2
Monroe,South Dakota,2000,163,7.9
Monroe,South Dakota,2010,160,-1.8
Monroe,South Dakota,2020,159,-0.6
Montrose,South Dakota,1890,563,0.0
Montrose,South Dakota,1900,375,-33.4
Montrose,South Dakota,1910,442,17.9
Montrose,South Dakota,1920,519,17.4
Montrose,South Dakota,1930,471,-9.2
Montrose,South Dakota,1940,506,7.4
Montrose,South Dakota,1950,448,-11.5
Montrose,South Dakota,1960,430,-4.0
Montrose,South Dakota,1970,377,-12.3
Montrose,South Dakota,1980,396,5.0
Montrose,South Dakota,1990,420,6.1
Montrose,South Dakota,2000,460,9.5
Montrose,South Dakota,2010,472,2.6
Montrose,South Dakota,2020,468,-0.8
Naples,South Dakota,1930,89,0.0
Naples,South Dakota,1940,84,-5.6
Naples,South Dakota,1950,62,-26.2
Naples,South Dakota,1960,36,-41.9
Naples,South Dakota,1970,38,5.6
Naples,South Dakota,1980,45,18.4
Naples,South Dakota,1990,35,-22.2
Naples,South Dakota,2000,25,-28.6
Naples,South Dakota,2010,41,64.0
Naples,South Dakota,2020,38,-7.3
Northville,South Dakota,1900,243,0.0
Northville,South Dakota,1910,392,61.3
Northville,South Dakota,1920,372,-5.1
Northville,South Dakota,1930,260,-30.1
Northville,South Dakota,1940,223,-14.2
Northville,South Dakota,1950,220,-1.3
Northville,South Dakota,1960,153,-30.5
Northville,South Dakota,1970,119,-22.2
Northville,South Dakota,1980,138,16.0
Northville,South Dakota,1990,105,-23.9
Northville,South Dakota,2000,124,18.1
Northville,South Dakota,2010,143,15.3
Northville,South Dakota,2020,139,-2.8
Nunda,South Dakota,1910,137,0.0
Nunda,South Dakota,1920,206,50.4
Nunda,South Dakota,1930,163,-20.9
Nunda,South Dakota,1940,147,-9.8
Nunda,South Dakota,1950,102,-30.6
Nunda,South Dakota,1960,106,3.9
Nunda,South Dakota,1970,85,-19.8
Nunda,South Dakota,1980,60,-29.4
Nunda,South Dakota,1990,45,-25.0
Nunda,South Dakota,2000,47,4.4
Nunda,South Dakota,2010,43,-8.5
Nunda,South Dakota,2020,46,7.0
Oldham,South Dakota,1900,222,0.0
Oldham,South Dakota,1910,355,59.9
Oldham,South Dakota,1920,364,2.5
Oldham,South Dakota,1930,419,15.1
Oldham,South Dakota,1940,386,-7.9
Oldham,South Dakota,1950,349,-9.6
Oldham,South Dakota,1960,291,-16.6
Oldham,South Dakota,1970,244,-16.2
Oldham,South Dakota,1980,222,-9.0
Oldham,South Dakota,1990,189,-14.9
Oldham,South Dakota,2000,206,9.0
Oldham,South Dakota,2010,133,-35.4
Oldham,South Dakota,2020,121,-9.0
Onaka,South Dakota,1930,164,0.0
Onaka,South Dakota,1940,139,-15.2
Onaka,South Dakota,1950,158,13.7
Onaka,South Dakota,1960,85,-46.2
Onaka,South Dakota,1970,69,-18.8
Onaka,South Dakota,1980,70,1.4
Onaka,South Dakota,1990,52,-25.7
Onaka,South Dakota,2000,30,-42.3
Onaka,South Dakota,2010,15,-50.0
Onaka,South Dakota,2020,13,-13.3
Orient,South Dakota,1930,302,0.0
Orient,South Dakota,1940,250,-17.2
Orient,South Dakota,1950,206,-17.6
Orient,South Dakota,1960,133,-35.4
Orient,South Dakota,1970,131,-1.5
Orient,South Dakota,1980,87,-33.6
Orient,South Dakota,1990,59,-32.2
Orient,South Dakota,2000,57,-3.4
Orient,South Dakota,2010,63,10.5
Orient,South Dakota,2020,51,-19.0
Parker,South Dakota,1880,113,0.0
Parker,South Dakota,1890,728,544.2
Parker,South Dakota,1900,893,22.7
Parker,South Dakota,1910,1224,37.1
Parker,South Dakota,1920,1288,5.2
Parker,South Dakota,1930,1229,-4.6
Parker,South Dakota,1940,1244,1.2
Parker,South Dakota,1950,1148,-7.7
Parker,South Dakota,1960,1142,-0.5
Parker,South Dakota,1970,1005,-12.0
Parker,South Dakota,1980,999,-0.6
Parker,South Dakota,1990,984,-1.5
Parker,South Dakota,2000,1031,4.8
Parker,South Dakota,2010,1022,-0.9
Parker,South Dakota,2020,1194,16.8
Platte,South Dakota,1910,1115,0.0
Platte,South Dakota,1920,1242,11.4
Platte,South Dakota,1930,1207,-2.8
Platte,South Dakota,1940,1017,-15.7
Platte,South Dakota,1950,1069,5.1
Platte,South Dakota,1960,1167,9.2
Platte,South Dakota,1970,1351,15.8
Platte,South Dakota,1980,1334,-1.3
Platte,South Dakota,1990,1311,-1.7
Platte,South Dakota,2000,1367,4.3
Platte,South Dakota,2010,1230,-10.0
Platte,South Dakota,2020,1296,5.4
Pollock,South Dakota,1910,304,0.0
Pollock,South Dakota,1920,437,43.8
Pollock,South Dakota,1930,481,10.1
Pollock,South Dakota,1940,527,9.6
Pollock,South Dakota,1950,395,-25.0
Pollock,South Dakota,1960,417,5.6
Pollock,South Dakota,1970,341,-18.2
Pollock,South Dakota,1980,355,4.1
Pollock,South Dakota,1990,379,6.8
Pollock,South Dakota,2000,339,-10.6
Pollock,South Dakota,2010,241,-28.9
Pollock,South Dakota,2020,224,-7.1
Ramona,South Dakota,1900,172,0.0
Ramona,South Dakota,1910,312,81.4
Ramona,South Dakota,1920,356,14.1
Ramona,South Dakota,1930,279,-21.6
Ramona,South Dakota,1940,265,-5.0
Ramona,South Dakota,1950,278,4.9
Ramona,South Dakota,1960,247,-11.2
Ramona,South Dakota,1970,227,-8.1
Ramona,South Dakota,1980,241,6.2
Ramona,South Dakota,1990,194,-19.5
Ramona,South Dakota,2000,190,-2.1
Ramona,South Dakota,2010,174,-8.4
Ramona,South Dakota,2020,159,-8.6
Ravinia,South Dakota,1910,81,0.0
Ravinia,South Dakota,1920,199,145.7
Ravinia,South Dakota,1930,157,-21.1
Ravinia,South Dakota,1940,155,-1.3
Ravinia,South Dakota,1950,200,29.0
Ravinia,South Dakota,1960,164,-18.0
Ravinia,South Dakota,1970,109,-33.5
Ravinia,South Dakota,1980,88,-19.3
Ravinia,South Dakota,1990,79,-10.2
Ravinia,South Dakota,2000,79,0.0
Ravinia,South Dakota,2010,61,-22.8
Ravinia,South Dakota,2020,71,16.4
Raymond,South Dakota,1910,241,0.0
Raymond,South Dakota,1920,330,36.9
Raymond,South Dakota,1930,200,-39.4
Raymond,South Dakota,1940,206,3.0
Raymond,South Dakota,1950,174,-15.5
Raymond,South Dakota,1960,168,-3.4
Raymond,South Dakota,1970,114,-32.1
Raymond,South Dakota,1980,106,-7.0
Raymond,South Dakota,1990,96,-9.4
Raymond,South Dakota,2000,86,-10.4
Raymond,South Dakota,2010,50,-41.9
Raymond,South Dakota,2020,53,6.0
Redfield,South Dakota,1890,796,0.0
Redfield,South Dakota,1900,1015,27.5
Redfield,South Dakota,1910,2856,181.4
Redfield,South Dakota,1920,2755,-3.5
Redfield,South Dakota,1930,2664,-3.3
Redfield,South Dakota,1940,2428,-8.9
Redfield,South Dakota,1950,2655,9.3
Redfield,South Dakota,1960,2952,11.2
Redfield,South Dakota,1970,2943,-0.3
Redfield,South Dakota,1980,3027,2.9
Redfield,South Dakota,1990,2770,-8.5
Redfield,South Dakota,2000,2897,4.6
Redfield,South Dakota,2010,2333,-19.5
Redfield,South Dakota,2020,2214,-5.1
Revillo,South Dakota,1900,187,0.0
Revillo,South Dakota,1910,332,77.5
Revillo,South Dakota,1920,338,1.8
Revillo,South Dakota,1930,274,-18.9
Revillo,South Dakota,1940,325,18.6
Revillo,South Dakota,1950,249,-23.4
Revillo,South Dakota,1960,202,-18.9
Revillo,South Dakota,1970,142,-29.7
Revillo,South Dakota,1980,158,11.3
Revillo,South Dakota,1990,152,-3.8
Revillo,South Dakota,2000,147,-3.3
Revillo,South Dakota,2010,119,-19.0
Revillo,South Dakota,2020,99,-16.8
Rockham,South Dakota,1910,286,0.0
Rockham,South Dakota,1920,347,21.3
Rockham,South Dakota,1930,288,-17.0
Rockham,South Dakota,1940,220,-23.6
Rockham,South Dakota,1950,113,-48.6
Rockham,South Dakota,1960,197,74.3
Rockham,South Dakota,1970,60,-69.5
Rockham,South Dakota,1980,52,-13.3
Rockham,South Dakota,1990,48,-7.7
Rockham,South Dakota,2000,53,10.4
Rockham,South Dakota,2010,33,-37.7
Rockham,South Dakota,2020,22,-33.3
Roscoe,South Dakota,1890,114,0.0
Roscoe,South Dakota,1900,92,-19.3
Roscoe,South Dakota,1910,357,288.0
Roscoe,South Dakota,1920,459,28.6
Roscoe,South Dakota,1930,491,7.0
Roscoe,South Dakota,1940,608,23.8
Roscoe,South Dakota,1950,726,19.4
Roscoe,South Dakota,1960,532,-26.7
Roscoe,South Dakota,1970,398,-25.2
Roscoe,South Dakota,1980,370,-7.0
Roscoe,South Dakota,1990,362,-2.2
Roscoe,South Dakota,2000,324,-10.5
Roscoe,South Dakota,2010,329,1.5
Roscoe,South Dakota,2020,269,-18.2
Salem,South Dakota,1890,429,0.0
Salem,South Dakota,1900,741,72.7
Salem,South Dakota,1910,1097,48.0
Salem,South Dakota,1920,1187,8.2
Salem,South Dakota,1930,1115,-6.1
Salem,South Dakota,1940,1185,6.3
Salem,South Dakota,1950,1119,-5.6
Salem,South Dakota,1960,1188,6.2
Salem,South Dakota,1970,1391,17.1
Salem,South Dakota,1980,1486,6.8
Salem,South Dakota,1990,1289,-13.3
Salem,South Dakota,2000,1371,6.4
Salem,South Dakota,2010,1347,-1.8
Salem,South Dakota,2020,1325,-1.6
Scotland,South Dakota,1880,150,0.0
Scotland,South Dakota,1890,1083,622.0
Scotland,South Dakota,1900,964,-11.0
Scotland,South Dakota,1910,1102,14.3
Scotland,South Dakota,1920,1234,12.0
Scotland,South Dakota,1930,1163,-5.8
Scotland,South Dakota,1940,1204,3.5
Scotland,South Dakota,1950,1188,-1.3
Scotland,South Dakota,1960,1077,-9.3
Scotland,South Dakota,1970,984,-8.6
Scotland,South Dakota,1980,1022,3.9
Scotland,South Dakota,1990,968,-5.3
Scotland,South Dakota,2000,891,-8.0
Scotland,South Dakota,2010,841,-5.6
Scotland,South Dakota,2020,785,-6.7
Seneca,South Dakota,1910,321,0.0
Seneca,South Dakota,1920,264,-17.8
Seneca,South Dakota,1930,318,20.5
Seneca,South Dakota,1940,243,-23.6
Seneca,South Dakota,1950,204,-16.0
Seneca,South Dakota,1960,161,-21.1
Seneca,South Dakota,1970,118,-26.7
Seneca,South Dakota,1980,103,-12.7
Seneca,South Dakota,1990,81,-21.4
Seneca,South Dakota,2000,58,-28.4
Seneca,South Dakota,2010,38,-34.5
Seneca,South Dakota,2020,22,-42.1
Sinai,South Dakota,1920,216,0.0
Sinai,South Dakota,1930,217,0.5
Sinai,South Dakota,1940,182,-16.1
Sinai,South Dakota,1950,181,-0.5
Sinai,South Dakota,1960,166,-8.3
Sinai,South Dakota,1970,147,-11.4
Sinai,South Dakota,1980,129,-12.2
Sinai,South Dakota,1990,120,-7.0
Sinai,South Dakota,2000,133,10.8
Sinai,South Dakota,2010,120,-9.8
Sinai,South Dakota,2020,99,-17.5
Spencer,South Dakota,1900,332,0.0
Spencer,South Dakota,1910,506,52.4
Spencer,South Dakota,1920,637,25.9
Spencer,South Dakota,1930,561,-11.9
Spencer,South Dakota,1940,617,10.0
Spencer,South Dakota,1950,552,-10.5
Spencer,South Dakota,1960,460,-16.7
Spencer,South Dakota,1970,385,-16.3
Spencer,South Dakota,1980,380,-1.3
Spencer,South Dakota,1990,317,-16.6
Spencer,South Dakota,2000,157,-50.5
Spencer,South Dakota,2010,154,-1.9
Spencer,South Dakota,2020,136,-11.7
Stickney,South Dakota,1910,310,0.0
Stickney,South Dakota,1920,386,24.5
Stickney,South Dakota,1930,412,6.7
Stickney,South Dakota,1940,361,-12.4
Stickney,South Dakota,1950,388,7.5
Stickney,South Dakota,1960,456,17.5
Stickney,South Dakota,1970,421,-7.7
Stickney,South Dakota,1980,409,-2.9
Stickney,South Dakota,1990,323,-21.0
Stickney,South Dakota,2000,334,3.4
Stickney,South Dakota,2010,284,-15.0
Stickney,South Dakota,2020,321,13.0
Strandburg,South Dakota,1920,169,0.0
Strandburg,South Dakota,1930,113,-33.1
Strandburg,South Dakota,1940,177,56.6
Strandburg,South Dakota,1950,144,-18.6
Strandburg,South Dakota,1960,105,-27.1
Strandburg,South Dakota,1970,98,-6.7
Strandburg,South Dakota,1980,79,-19.4
Strandburg,South Dakota,1990,74,-6.3
Strandburg,South Dakota,2000,69,-6.8
Strandburg,South Dakota,2010,72,4.3
Strandburg,South Dakota,2020,63,-12.5
Tabor,South Dakota,1910,273,0.0
Tabor,South Dakota,1920,428,56.8
Tabor,South Dakota,1930,397,-7.2
Tabor,South Dakota,1940,391,-1.5
Tabor,South Dakota,1950,373,-4.6
Tabor,South Dakota,1960,378,1.3
Tabor,South Dakota,1970,388,2.6
Tabor,South Dakota,1980,460,18.6
Tabor,South Dakota,1990,403,-12.4
Tabor,South Dakota,2000,417,3.5
Tabor,South Dakota,2010,423,1.4
Tabor,South Dakota,2020,407,-3.8
Tea,South Dakota,1910,134,0.0
Tea,South Dakota,1920,165,23.1
Tea,South Dakota,1930,148,-10.3
Tea,South Dakota,1940,165,11.5
Tea,South Dakota,1950,151,-8.5
Tea,South Dakota,1960,188,24.5
Tea,South Dakota,1970,302,60.6
Tea,South Dakota,1980,729,141.4
Tea,South Dakota,1990,786,7.8
Tea,South Dakota,2000,1742,121.6
Tea,South Dakota,2010,3806,118.5
Tea,South Dakota,2020,5598,47.1
Timber Lake,South Dakota,1920,555,0.0
Timber Lake,South Dakota,1930,572,3.1
Timber Lake,South Dakota,1940,512,-10.5
Timber Lake,South Dakota,1950,552,7.8
Timber Lake,South Dakota,1960,624,13.0
Timber Lake,South Dakota,1970,625,0.2
Timber Lake,South Dakota,1980,660,5.6
Timber Lake,South Dakota,1990,517,-21.7
Timber Lake,South Dakota,2000,443,-14.3
Timber Lake,South Dakota,2010,443,0.0
Timber Lake,South Dakota,2020,509,14.9
Tolstoy,South Dakota,1910,142,0.0
Tolstoy,South Dakota,1920,183,28.9
Tolstoy,South Dakota,1930,210,14.8
Tolstoy,South Dakota,1940,171,-18.6
Tolstoy,South Dakota,1950,180,5.3
Tolstoy,South Dakota,1960,142,-21.1
Tolstoy,South Dakota,1970,99,-30.3
Tolstoy,South Dakota,1980,97,-2.0
Tolstoy,South Dakota,1990,69,-28.9
Tolstoy,South Dakota,2000,64,-7.2
Tolstoy,South Dakota,2010,36,-43.7
Tolstoy,South Dakota,2020,35,-2.8
Toronto,South Dakota,1890,148,0.0
Toronto,South Dakota,1900,447,202.0
Toronto,South Dakota,1910,424,-5.1
Toronto,South Dakota,1920,380,-10.4
Toronto,South Dakota,1930,341,-10.3
Toronto,South Dakota,1940,362,6.2
Toronto,South Dakota,1950,322,-11.0
Toronto,South Dakota,1960,268,-16.8
Toronto,South Dakota,1970,216,-19.4
Toronto,South Dakota,1980,236,9.3
Toronto,South Dakota,1990,201,-14.8
Toronto,South Dakota,2000,202,0.5
Toronto,South Dakota,2010,212,5.0
Toronto,South Dakota,2020,196,-7.5
Trent,South Dakota,1920,295,0.0
Trent,South Dakota,1930,256,-13.2
Trent,South Dakota,1940,240,-6.2
Trent,South Dakota,1950,213,-11.2
Trent,South Dakota,1960,232,8.9
Trent,South Dakota,1970,177,-23.7
Trent,South Dakota,1980,197,11.3
Trent,South Dakota,1990,211,7.1
Trent,South Dakota,2000,254,20.4
Trent,South Dakota,2010,232,-8.7
Trent,South Dakota,2020,206,-11.2
Tripp,South Dakota,1890,226,0.0
Tripp,South Dakota,1900,366,61.9
Tripp,South Dakota,1910,675,84.4
Tripp,South Dakota,1920,970,43.7
Tripp,South Dakota,1930,939,-3.2
Tripp,South Dakota,1940,913,-2.8
Tripp,South Dakota,1950,913,0.0
Tripp,South Dakota,1960,837,-8.3
Tripp,South Dakota,1970,851,1.7
Tripp,South Dakota,1980,804,-5.5
Tripp,South Dakota,1990,664,-17.4
Tripp,South Dakota,2000,711,7.1
Tripp,South Dakota,2010,647,-9.0
Tripp,South Dakota,2020,575,-11.1
Turton,South Dakota,1910,240,0.0
Turton,South Dakota,1920,243,1.3
Turton,South Dakota,1930,323,32.9
Turton,South Dakota,1940,180,-44.3
Turton,South Dakota,1950,201,11.7
Turton,South Dakota,1960,140,-30.3
Turton,South Dakota,1970,121,-13.6
Turton,South Dakota,1980,101,-16.5
Turton,South Dakota,1990,76,-24.8
Turton,South Dakota,2000,61,-19.7
Turton,South Dakota,2010,48,-21.3
Turton,South Dakota,2020,55,14.6
Tyndall,South Dakota,1890,509,0.0
Tyndall,South Dakota,1900,1167,129.3
Tyndall,South Dakota,1910,1107,-5.1
Tyndall,South Dakota,1920,1405,26.9
Tyndall,South Dakota,1930,1287,-8.4
Tyndall,South Dakota,1940,1289,0.2
Tyndall,South Dakota,1950,1292,0.2
Tyndall,South Dakota,1960,1262,-2.3
Tyndall,South Dakota,1970,1245,-1.3
Tyndall,South Dakota,1980,1253,0.6
Tyndall,South Dakota,1990,1201,-4.2
Tyndall,South Dakota,2000,1239,3.2
Tyndall,South Dakota,2010,1067,-13.9
Tyndall,South Dakota,2020,1057,-0.9
Verdon,South Dakota,1910,136,0.0
Verdon,South Dakota,1920,90,-33.8
Verdon,South Dakota,1930,69,-23.3
Verdon,South Dakota,1940,65,-5.8
Verdon,South Dakota,1950,34,-47.7
Verdon,South Dakota,1960,28,-17.6
Verdon,South Dakota,1970,18,-35.7
Verdon,South Dakota,1980,7,-61.1
Verdon,South Dakota,1990,7,0.0
Verdon,South Dakota,2000,6,-14.3
Verdon,South Dakota,2010,5,-16.7
Verdon,South Dakota,2020,3,-40.0
Viborg,South Dakota,1900,222,0.0
Viborg,South Dakota,1910,410,84.7
Viborg,South Dakota,1920,618,50.7
Viborg,South Dakota,1930,719,16.3
Viborg,South Dakota,1940,659,-8.3
Viborg,South Dakota,1950,644,-2.3
Viborg,South Dakota,1960,699,8.5
Viborg,South Dakota,1970,662,-5.3
Viborg,South Dakota,1980,812,22.7
Viborg,South Dakota,1990,763,-6.0
Viborg,South Dakota,2000,832,9.0
Viborg,South Dakota,2010,782,-6.0
Viborg,South Dakota,2020,814,4.1
Vienna,South Dakota,1900,171,0.0
Vienna,South Dakota,1910,453,164.9
Vienna,South Dakota,1920,477,5.3
Vienna,South Dakota,1930,443,-7.1
Vienna,South Dakota,1940,313,-29.3
Vienna,South Dakota,1950,306,-2.2
Vienna,South Dakota,1960,191,-37.6
Vienna,South Dakota,1970,119,-37.7
Vienna,South Dakota,1980,90,-24.4
Vienna,South Dakota,1990,93,3.3
Vienna,South Dakota,2000,78,-16.1
Vienna,South Dakota,2010,45,-42.3
Vienna,South Dakota,2020,49,8.9
Vilas,South Dakota,1910,157,0.0
Vilas,South Dakota,1920,144,-8.3
Vilas,South Dakota,1930,106,-26.4
Vilas,South Dakota,1940,91,-14.2
Vilas,South Dakota,1950,71,-22.0
Vilas,South Dakota,1960,49,-31.0
Vilas,South Dakota,1970,33,-32.7
Vilas,South Dakota,1980,28,-15.2
Vilas,South Dakota,1990,28,0.0
Vilas,South Dakota,2000,19,-32.1
Vilas,South Dakota,2010,20,5.3
Vilas,South Dakota,2020,29,45.0
Volin,South Dakota,1910,286,0.0
Volin,South Dakota,1920,314,9.8
Volin,South Dakota,1930,283,-9.9
Volin,South Dakota,1940,292,3.2
Volin,South Dakota,1950,197,-32.5
Volin,South Dakota,1960,171,-13.2
Volin,South Dakota,1970,157,-8.2
Volin,South Dakota,1980,156,-0.6
Volin,South Dakota,1990,175,12.2
Volin,South Dakota,2000,207,18.3
Volin,South Dakota,2010,161,-22.2
Volin,South Dakota,2020,158,-1.9
Wagner,South Dakota,1910,964,0.0
Wagner,South Dakota,1920,1236,28.2
Wagner,South Dakota,1930,1420,14.9
Wagner,South Dakota,1940,1319,-7.1
Wagner,South Dakota,1950,1528,15.8
Wagner,South Dakota,1960,1586,3.8
Wagner,South Dakota,1970,1655,4.4
Wagner,South Dakota,1980,1453,-12.2
Wagner,South Dakota,1990,1462,0.6
Wagner,South Dakota,2000,1675,14.6
Wagner,South Dakota,2010,1566,-6.5
Wagner,South Dakota,2020,1490,-4.9
Wakonda,South Dakota,1900,220,0.0
Wakonda,South Dakota,1910,326,48.2
Wakonda,South Dakota,1920,451,38.3
Wakonda,South Dakota,1930,453,0.4
Wakonda,South Dakota,1940,451,-0.4
Wakonda,South Dakota,1950,454,0.7
Wakonda,South Dakota,1960,382,-15.9
Wakonda,South Dakota,1970,290,-24.1
Wakonda,South Dakota,1980,383,32.1
Wakonda,South Dakota,1990,329,-14.1
Wakonda,South Dakota,2000,374,13.7
Wakonda,South Dakota,2010,321,-14.2
Wakonda,South Dakota,2020,347,8.1
Wallace,South Dakota,1910,207,0.0
Wallace,South Dakota,1920,235,13.5
Wallace,South Dakota,1930,189,-19.6
Wallace,South Dakota,1940,193,2.1
Wallace,South Dakota,1950,188,-2.6
Wallace,South Dakota,1960,132,-29.8
Wallace,South Dakota,1970,95,-28.0
Wallace,South Dakota,1980,90,-5.3
Wallace,South Dakota,1990,83,-7.8
Wallace,South Dakota,2000,86,3.6
Wallace,South Dakota,2010,85,-1.2
Wallace,South Dakota,2020,91,7.1
Ward,South Dakota,1910,72,0.0
Ward,South Dakota,1920,118,63.9
Ward,South Dakota,1930,90,-23.7
Ward,South Dakota,1940,84,-6.7
Ward,South Dakota,1950,96,14.3
Ward,South Dakota,1960,74,-22.9
Ward,South Dakota,1970,57,-23.0
Ward,South Dakota,1980,43,-24.6
Ward,South Dakota,1990,35,-18.6
Ward,South Dakota,2000,41,17.1
Ward,South Dakota,2010,48,17.1
Ward,South Dakota,2020,34,-29.2
Wentworth,South Dakota,1900,181,0.0
Wentworth,South Dakota,1910,329,81.8
Wentworth,South Dakota,1920,360,9.4
Wentworth,South Dakota,1930,310,-13.9
Wentworth,South Dakota,1940,303,-2.3
Wentworth,South Dakota,1950,270,-10.9
Wentworth,South Dakota,1960,211,-21.9
Wentworth,South Dakota,1970,196,-7.1
Wentworth,South Dakota,1980,193,-1.5
Wentworth,South Dakota,1990,181,-6.2
Wentworth,South Dakota,2000,188,3.9
Wentworth,South Dakota,2010,171,-9.0
Wentworth,South Dakota,2020,181,5.8
Wessington Springs,South Dakota,1900,320,0.0
Wessington Springs,South Dakota,1910,1093,241.6
Wessington Springs,South Dakota,1920,1618,48.0
Wessington Springs,South Dakota,1930,1401,-13.4
Wessington Springs,South Dakota,1940,1352,-3.5
Wessington Springs,South Dakota,1950,1453,7.5
Wessington Springs,South Dakota,1960,1488,2.4
Wessington Springs,South Dakota,1970,1300,-12.6
Wessington Springs,South Dakota,1980,1203,-7.5
Wessington Springs,South Dakota,1990,1083,-10.0
Wessington Springs,South Dakota,2000,1011,-6.6
Wessington Springs,South Dakota,2010,956,-5.4
Wessington Springs,South Dakota,2020,771,-19.4
Wetonka,South Dakota,1920,164,0.0
Wetonka,South Dakota,1930,111,-32.3
Wetonka,South Dakota,1940,109,-1.8
Wetonka,South Dakota,1950,115,5.5
Wetonka,South Dakota,1960,46,-60.0
Wetonka,South Dakota,1970,31,-32.6
Wetonka,South Dakota,1980,22,-29.0
Wetonka,South Dakota,1990,12,-45.5
Wetonka,South Dakota,2000,12,0.0
Wetonka,South Dakota,2010,8,-33.3
Wetonka,South Dakota,2020,16,100.0
White,South Dakota,1890,137,0.0
White,South Dakota,1900,454,231.4
White,South Dakota,1910,468,3.1
White,South Dakota,1920,594,26.9
White,South Dakota,1930,533,-10.3
White,South Dakota,1940,559,4.9
White,South Dakota,1950,525,-6.1
White,South Dakota,1960,417,-20.6
White,South Dakota,1970,418,0.2
White,South Dakota,1980,474,13.4
White,South Dakota,1990,536,13.1
White,South Dakota,2000,530,-1.1
White,South Dakota,2010,485,-8.5
White,South Dakota,2020,537,10.7
Winner,South Dakota,1920,2000,0.0
Winner,South Dakota,1930,2220,11.0
Winner,South Dakota,1940,2426,9.3
Winner,South Dakota,1950,3252,34.0
Winner,South Dakota,1960,3705,13.9
Winner,South Dakota,1970,3789,2.3
Winner,South Dakota,1980,3472,-8.4
Winner,South Dakota,1990,3354,-3.4
Winner,South Dakota,2000,3137,-6.5
Winner,South Dakota,2010,2897,-7.7
Winner,South Dakota,2020,2921,0.8
Woonsocket,South Dakota,1890,687,0.0
Woonsocket,South Dakota,1900,648,-5.7
Woonsocket,South Dakota,1910,1027,58.5
Woonsocket,South Dakota,1920,1368,33.2
Woonsocket,South Dakota,1930,1108,-19.0
Woonsocket,South Dakota,1940,1050,-5.2
Woonsocket,South Dakota,1950,1051,0.1
Woonsocket,South Dakota,1960,1035,-1.5
Woonsocket,South Dakota,1970,852,-17.7
Woonsocket,South Dakota,1980,799,-6.2
Woonsocket,South Dakota,1990,766,-4.1
Woonsocket,South Dakota,2000,720,-6.0
Woonsocket,South Dakota,2010,655,-9.0
Woonsocket,South Dakota,2020,631,-3.7
Ainsworth,Nebraska,1890,733,0.0
Ainsworth,Nebraska,1900,605,-17.5
Ainsworth,Nebraska,1910,1045,72.7
Ainsworth,Nebraska,1920,1508,44.3
Ainsworth,Nebraska,1930,1378,-8.6
Ainsworth,Nebraska,1940,1833,33.0
Ainsworth,Nebraska,1950,2150,17.3
Ainsworth,Nebraska,1960,1982,-7.8
Ainsworth,Nebraska,1970,2073,4.6
Ainsworth,Nebraska,1980,2256,8.8
Ainsworth,Nebraska,1990,1870,-17.1
Ainsworth,Nebraska,2000,1862,-0.4
Ainsworth,Nebraska,2010,1728,-7.2
Ainsworth,Nebraska,2020,1616,-6.5
Albion,Nebraska,1880,330,0.0
Albion,Nebraska,1890,926,180.6
Albion,Nebraska,1900,1369,47.8
Albion,Nebraska,1910,1584,15.7
Albion,Nebraska,1920,1978,24.9
Albion,Nebraska,1930,2172,9.8
Albion,Nebraska,1940,2268,4.4
Albion,Nebraska,1950,2132,-6.0
Albion,Nebraska,1960,1982,-7.0
Albion,Nebraska,1970,2074,4.6
Albion,Nebraska,1980,1997,-3.7
Albion,Nebraska,1990,1916,-4.1
Albion,Nebraska,2000,1797,-6.2
Albion,Nebraska,2010,1650,-8.2
Albion,Nebraska,2020,1699,3.0
Amherst,Nebraska,1900,183,0.0
Amherst,Nebraska,1910,256,39.9
Amherst,Nebraska,1920,259,1.2
Amherst,Nebraska,1930,262,1.2
Amherst,Nebraska,1940,238,-9.2
Amherst,Nebraska,1950,219,-8.0
Amherst,Nebraska,1960,220,0.5
Amherst,Nebraska,1970,259,17.7
Amherst,Nebraska,1980,269,3.9
Amherst,Nebraska,1990,231,-14.1
Amherst,Nebraska,2000,277,19.9
Amherst,Nebraska,2010,248,-10.5
Amherst,Nebraska,2020,201,-19.0
Anoka,Nebraska,1910,145,0.0
Anoka,Nebraska,1920,129,-11.0
Anoka,Nebraska,1930,107,-17.1
Anoka,Nebraska,1940,117,9.3
Anoka,Nebraska,1950,60,-48.7
Anoka,Nebraska,1960,32,-46.7
Anoka,Nebraska,1970,25,-21.9
Anoka,Nebraska,1980,24,-4.0
Anoka,Nebraska,1990,10,-58.3
Anoka,Nebraska,2000,10,0.0
Anoka,Nebraska,2010,6,-40.0
Anoka,Nebraska,2020,10,66.7
Arcadia,Nebraska,1890,429,0.0
Arcadia,Nebraska,1900,374,-12.8
Arcadia,Nebraska,1910,618,65.2
Arcadia,Nebraska,1920,745,20.6
Arcadia,Nebraska,1930,711,-4.6
Arcadia,Nebraska,1940,663,-6.8
Arcadia,Nebraska,1950,574,-13.4
Arcadia,Nebraska,1960,446,-22.3
Arcadia,Nebraska,1970,418,-6.3
Arcadia,Nebraska,1980,412,-1.4
Arcadia,Nebraska,1990,385,-6.6
Arcadia,Nebraska,2000,359,-6.8
Arcadia,Nebraska,2010,311,-13.4
Arcadia,Nebraska,2020,283,-9.0
Ashton,Nebraska,1900,251,0.0
Ashton,Nebraska,1910,404,61.0
Ashton,Nebraska,1920,397,-1.7
Ashton,Nebraska,1930,435,9.6
Ashton,Nebraska,1940,488,12.2
Ashton,Nebraska,1950,381,-21.9
Ashton,Nebraska,1960,320,-16.0
Ashton,Nebraska,1970,277,-13.4
Ashton,Nebraska,1980,273,-1.4
Ashton,Nebraska,1990,251,-8.1
Ashton,Nebraska,2000,237,-5.6
Ashton,Nebraska,2010,194,-18.1
Ashton,Nebraska,2020,198,2.1
Atkinson,Nebraska,1890,701,0.0
Atkinson,Nebraska,1900,595,-15.1
Atkinson,Nebraska,1910,810,36.1
Atkinson,Nebraska,1920,1300,60.5
Atkinson,Nebraska,1930,1144,-12.0
Atkinson,Nebraska,1940,1350,18.0
Atkinson,Nebraska,1950,1372,1.6
Atkinson,Nebraska,1960,1324,-3.5
Atkinson,Nebraska,1970,1406,6.2
Atkinson,Nebraska,1980,1521,8.2
Atkinson,Nebraska,1990,1380,-9.3
Atkinson,Nebraska,2000,1244,-9.9
Atkinson,Nebraska,2010,1245,0.1
Atkinson,Nebraska,2020,1306,4.9
Bancroft,Nebraska,1890,344,0.0
Bancroft,Nebraska,1900,733,113.1
Bancroft,Nebraska,1910,742,1.2
Bancroft,Nebraska,1920,673,-9.3
Bancroft,Nebraska,1930,660,-1.9
Bancroft,Nebraska,1940,599,-9.2
Bancroft,Nebraska,1950,596,-0.5
Bancroft,Nebraska,1960,496,-16.8
Bancroft,Nebraska,1970,545,9.9
Bancroft,Nebraska,1980,552,1.3
Bancroft,Nebraska,1990,494,-10.5
Bancroft,Nebraska,2000,520,5.3
Bancroft,Nebraska,2010,495,-4.8
Bancroft,Nebraska,2020,496,0.2
Bassett,Nebraska,1900,270,0.0
Bassett,Nebraska,1910,383,41.9
Bassett,Nebraska,1920,664,73.4
Bassett,Nebraska,1930,635,-4.4
Bassett,Nebraska,1940,931,46.6
Bassett,Nebraska,1950,1066,14.5
Bassett,Nebraska,1960,1023,-4.0
Bassett,Nebraska,1970,983,-3.9
Bassett,Nebraska,1980,1009,2.6
Bassett,Nebraska,1990,739,-26.8
Bassett,Nebraska,2000,743,0.5
Bassett,Nebraska,2010,619,-16.7
Bassett,Nebraska,2020,538,-13.1
Battle Creek,Nebraska,1880,123,0.0
Battle Creek,Nebraska,1890,352,186.2
Battle Creek,Nebraska,1900,506,43.8
Battle Creek,Nebraska,1910,597,18.0
Battle Creek,Nebraska,1920,743,24.5
Battle Creek,Nebraska,1930,755,1.6
Battle Creek,Nebraska,1940,702,-7.0
Battle Creek,Nebraska,1950,630,-10.3
Battle Creek,Nebraska,1960,587,-6.8
Battle Creek,Nebraska,1970,768,30.8
Battle Creek,Nebraska,1980,948,23.4
Battle Creek,Nebraska,1990,997,5.2
Battle Creek,Nebraska,2000,1158,16.1
Battle Creek,Nebraska,2010,1207,4.2
Battle Creek,Nebraska,2020,1194,-1.1
Beemer,Nebraska,1890,350,0.0
Beemer,Nebraska,1900,455,30.0
Beemer,Nebraska,1910,494,8.6
Beemer,Nebraska,1920,548,10.9
Beemer,Nebraska,1930,571,4.2
Beemer,Nebraska,1940,585,2.5
Beemer,Nebraska,1950,613,4.8
Beemer,Nebraska,1960,667,8.8
Beemer,Nebraska,1970,699,4.8
Beemer,Nebraska,1980,853,22.0
Beemer,Nebraska,1990,672,-21.2
Beemer,Nebraska,2000,773,15.0
Beemer,Nebraska,2010,678,-12.3
Beemer,Nebraska,2020,611,-9.9
Bloomfield,Nebraska,1900,678,0.0
Bloomfield,Nebraska,1910,1264,86.4
Bloomfield,Nebraska,1920,1431,13.2
Bloomfield,Nebraska,1930,1435,0.3
Bloomfield,Nebraska,1940,1467,2.2
Bloomfield,Nebraska,1950,1455,-0.8
Bloomfield,Nebraska,1960,1349,-7.3
Bloomfield,Nebraska,1970,1287,-4.6
Bloomfield,Nebraska,1980,1393,8.2
Bloomfield,Nebraska,1990,1181,-15.2
Bloomfield,Nebraska,2000,1126,-4.7
Bloomfield,Nebraska,2010,1028,-8.7
Bloomfield,Nebraska,2020,986,-4.1
Bristow,Nebraska,1910,175,0.0
Bristow,Nebraska,1920,255,45.7
Bristow,Nebraska,1930,183,-28.2
Bristow,Nebraska,1940,188,2.7
Bristow,Nebraska,1950,146,-22.3
Bristow,Nebraska,1960,153,4.8
Bristow,Nebraska,1970,127,-17.0
Bristow,Nebraska,1980,123,-3.1
Bristow,Nebraska,1990,107,-13.0
Bristow,Nebraska,2000,88,-17.8
Bristow,Nebraska,2010,65,-26.1
Bristow,Nebraska,2020,70,7.7
Burwell,Nebraska,1890,378,0.0
Burwell,Nebraska,1900,460,21.7
Burwell,Nebraska,1910,915,98.9
Burwell,Nebraska,1920,1214,32.7
Burwell,Nebraska,1930,1156,-4.8
Burwell,Nebraska,1940,1412,22.1
Burwell,Nebraska,1950,1413,0.1
Burwell,Nebraska,1960,1425,0.8
Burwell,Nebraska,1970,1341,-5.9
Burwell,Nebraska,1980,1383,3.1
Burwell,Nebraska,1990,1278,-7.6
Burwell,Nebraska,2000,1130,-11.6
Burwell,Nebraska,2010,1210,7.1
Burwell,Nebraska,2020,1087,-10.2
Callaway,Nebraska,1890,234,0.0
Callaway,Nebraska,1900,406,73.5
Callaway,Nebraska,1910,765,88.4
Callaway,Nebraska,1920,833,8.9
Callaway,Nebraska,1930,833,0.0
Callaway,Nebraska,1940,768,-7.8
Callaway,Nebraska,1950,744,-3.1
Callaway,Nebraska,1960,603,-19.0
Callaway,Nebraska,1970,523,-13.3
Callaway,Nebraska,1980,579,10.7
Callaway,Nebraska,1990,539,-6.9
Callaway,Nebraska,2000,637,18.2
Callaway,Nebraska,2010,539,-15.4
Callaway,Nebraska,2020,563,4.5
Carroll,Nebraska,1890,68,0.0
Carroll,Nebraska,1900,252,270.6
Carroll,Nebraska,1910,382,51.6
Carroll,Nebraska,1920,448,17.3
Carroll,Nebraska,1930,401,-10.5
Carroll,Nebraska,1940,351,-12.5
Carroll,Nebraska,1950,309,-12.0
Carroll,Nebraska,1960,220,-28.8
Carroll,Nebraska,1970,235,6.8
Carroll,Nebraska,1980,246,4.7
Carroll,Nebraska,1990,237,-3.7
Carroll,Nebraska,2000,238,0.4
Carroll,Nebraska,2010,229,-3.8
Carroll,Nebraska,2020,193,-15.7
Clarkson,Nebraska,1890,147,0.0
Clarkson,Nebraska,1900,344,134.0
Clarkson,Nebraska,1910,647,88.1
Clarkson,Nebraska,1920,884,36.6
Clarkson,Nebraska,1930,918,3.8
Clarkson,Nebraska,1940,829,-9.7
Clarkson,Nebraska,1950,764,-7.8
Clarkson,Nebraska,1960,797,4.3
Clarkson,Nebraska,1970,805,1.0
Clarkson,Nebraska,1980,817,1.5
Clarkson,Nebraska,1990,699,-14.4
Clarkson,Nebraska,2000,685,-2.0
Clarkson,Nebraska,2010,658,-3.9
Clarkson,Nebraska,2020,641,-2.6
Clearwater,Nebraska,1890,215,0.0
Clearwater,Nebraska,1900,198,-7.9
Clearwater,Nebraska,1910,414,109.1
Clearwater,Nebraska,1920,479,15.7
Clearwater,Nebraska,1930,504,5.2
Clearwater,Nebraska,1940,568,12.7
Clearwater,Nebraska,1950,472,-16.9
Clearwater,Nebraska,1960,418,-11.4
Clearwater,Nebraska,1970,398,-4.8
Clearwater,Nebraska,1980,409,2.8
Clearwater,Nebraska,1990,401,-2.0
Clearwater,Nebraska,2000,384,-4.2
Clearwater,Nebraska,2010,419,9.1
Clearwater,Nebraska,2020,320,-23.6
Clinton,Nebraska,1930,157,0.0
Clinton,Nebraska,1940,119,-24.2
Clinton,Nebraska,1950,36,-69.7
Clinton,Nebraska,1960,46,27.8
Clinton,Nebraska,1980,80,0.0
Clinton,Nebraska,1990,33,-58.7
Clinton,Nebraska,2000,30,-9.1
Clinton,Nebraska,2010,41,36.7
Clinton,Nebraska,2020,38,-7.3
Cody,Nebraska,1910,185,0.0
Cody,Nebraska,1920,428,131.4
Cody,Nebraska,1930,408,-4.7
Cody,Nebraska,1940,375,-8.1
Cody,Nebraska,1950,296,-21.1
Cody,Nebraska,1960,230,-22.3
Cody,Nebraska,1970,246,7.0
Cody,Nebraska,1980,177,-28.0
Cody,Nebraska,1990,177,0.0
Cody,Nebraska,2000,149,-15.8
Cody,Nebraska,2010,154,3.4
Cody,Nebraska,2020,168,9.1
Coleridge,Nebraska,1890,315,0.0
Coleridge,Nebraska,1900,471,49.5
Coleridge,Nebraska,1910,535,13.6
Coleridge,Nebraska,1920,674,26.0
Coleridge,Nebraska,1930,616,-8.6
Coleridge,Nebraska,1940,627,1.8
Coleridge,Nebraska,1950,621,-1.0
Coleridge,Nebraska,1960,604,-2.7
Coleridge,Nebraska,1970,608,0.7
Coleridge,Nebraska,1980,673,10.7
Coleridge,Nebraska,1990,596,-11.4
Coleridge,Nebraska,2000,541,-9.2
Coleridge,Nebraska,2010,473,-12.6
Coleridge,Nebraska,2020,537,13.5
Comstock,Nebraska,1910,323,0.0
Comstock,Nebraska,1920,450,39.3
Comstock,Nebraska,1930,450,0.0
Comstock,Nebraska,1940,408,-9.3
Comstock,Nebraska,1950,302,-26.0
Comstock,Nebraska,1960,235,-22.2
Comstock,Nebraska,1970,155,-34.0
Comstock,Nebraska,1980,168,8.4
Comstock,Nebraska,1990,135,-19.6
Comstock,Nebraska,2000,110,-18.5
Comstock,Nebraska,2010,93,-15.5
Comstock,Nebraska,2020,68,-26.9
Concord,Nebraska,1910,198,0.0
Concord,Nebraska,1920,261,31.8
Concord,Nebraska,1930,257,-1.5
Concord,Nebraska,1940,242,-5.8
Concord,Nebraska,1950,194,-19.8
Concord,Nebraska,1960,150,-22.7
Concord,Nebraska,1970,180,20.0
Concord,Nebraska,1980,145,-19.4
Concord,Nebraska,1990,156,7.6
Concord,Nebraska,2000,160,2.6
Concord,Nebraska,2010,166,3.8
Concord,Nebraska,2020,126,-24.1
Cornlea,Nebraska,1910,90,0.0
Cornlea,Nebraska,1920,95,5.6
Cornlea,Nebraska,1930,105,10.5
Cornlea,Nebraska,1940,67,-36.2
Cornlea,Nebraska,1950,69,3.0
Cornlea,Nebraska,1960,44,-36.2
Cornlea,Nebraska,1970,54,22.7
Cornlea,Nebraska,1980,40,-25.9
Cornlea,Nebraska,1990,39,-2.5
Cornlea,Nebraska,2000,41,5.1
Cornlea,Nebraska,2010,36,-12.2
Cornlea,Nebraska,2020,33,-8.3
Craig,Nebraska,1890,290,0.0
Craig,Nebraska,1900,462,59.3
Craig,Nebraska,1910,339,-26.6
Craig,Nebraska,1920,418,23.3
Craig,Nebraska,1930,452,8.1
Craig,Nebraska,1940,437,-3.3
Craig,Nebraska,1950,384,-12.1
Craig,Nebraska,1960,378,-1.6
Craig,Nebraska,1970,295,-22.0
Craig,Nebraska,1980,237,-19.7
Craig,Nebraska,1990,228,-3.8
Craig,Nebraska,2000,241,5.7
Craig,Nebraska,2010,199,-17.4
Craig,Nebraska,2020,202,1.5
Creighton,Nebraska,1880,10,0.0
Creighton,Nebraska,1890,822,0.0
Creighton,Nebraska,1900,909,10.6
Creighton,Nebraska,1910,1373,51.0
Creighton,Nebraska,1920,1446,5.3
Creighton,Nebraska,1930,1388,-4.0
Creighton,Nebraska,1940,1272,-8.4
Creighton,Nebraska,1950,1401,10.1
Creighton,Nebraska,1960,1388,-0.9
Creighton,Nebraska,1970,1461,5.3
Creighton,Nebraska,1980,1341,-8.2
Creighton,Nebraska,1990,1223,-8.8
Creighton,Nebraska,2000,1270,3.8
Creighton,Nebraska,2010,1154,-9.1
Creighton,Nebraska,2020,1147,-0.6
Creston,Nebraska,1890,200,0.0
Creston,Nebraska,1900,337,68.5
Creston,Nebraska,1910,338,0.3
Creston,Nebraska,1920,381,12.7
Creston,Nebraska,1930,346,-9.2
Creston,Nebraska,1940,302,-12.7
Creston,Nebraska,1950,228,-24.5
Creston,Nebraska,1960,177,-22.4
Creston,Nebraska,1970,171,-3.4
Creston,Nebraska,1980,210,22.8
Creston,Nebraska,1990,220,4.8
Creston,Nebraska,2000,215,-2.3
Creston,Nebraska,2010,203,-5.6
Creston,Nebraska,2020,181,-10.8
Crofton,Nebraska,1910,610,0.0
Crofton,Nebraska,1920,811,33.0
Crofton,Nebraska,1930,733,-9.6
Crofton,Nebraska,1940,600,-18.1
Crofton,Nebraska,1950,630,5.0
Crofton,Nebraska,1960,604,-4.1
Crofton,Nebraska,1970,677,12.1
Crofton,Nebraska,1980,948,40.0
Crofton,Nebraska,1990,820,-13.5
Crofton,Nebraska,2000,754,-8.0
Crofton,Nebraska,2010,726,-3.7
Crofton,Nebraska,2020,756,4.1
Crookston,Nebraska,1930,373,0.0
Crookston,Nebraska,1940,262,-29.8
Crookston,Nebraska,1950,168,-35.9
Crookston,Nebraska,1960,139,-17.3
Crookston,Nebraska,1970,86,-38.1
Crookston,Nebraska,1980,86,0.0
Crookston,Nebraska,1990,99,15.1
Crookston,Nebraska,2000,98,-1.0
Crookston,Nebraska,2010,69,-29.6
Crookston,Nebraska,2020,71,2.9
Cushing,Nebraska,1930,141,0.0
Cushing,Nebraska,1940,102,-27.7
Cushing,Nebraska,1950,71,-30.4
Cushing,Nebraska,1960,56,-21.1
Cushing,Nebraska,1970,43,-23.2
Cushing,Nebraska,1980,48,11.6
Cushing,Nebraska,1990,25,-47.9
Cushing,Nebraska,2000,31,24.0
Cushing,Nebraska,2010,32,3.2
Cushing,Nebraska,2020,37,15.6
Dannebrog,Nebraska,1880,53,0.0
Dannebrog,Nebraska,1890,280,428.3
Dannebrog,Nebraska,1900,301,7.5
Dannebrog,Nebraska,1910,380,26.2
Dannebrog,Nebraska,1920,436,14.7
Dannebrog,Nebraska,1930,427,-2.1
Dannebrog,Nebraska,1940,379,-11.2
Dannebrog,Nebraska,1950,318,-16.1
Dannebrog,Nebraska,1960,277,-12.9
Dannebrog,Nebraska,1970,384,38.6
Dannebrog,Nebraska,1980,356,-7.3
Dannebrog,Nebraska,1990,324,-9.0
Dannebrog,Nebraska,2000,352,8.6
Dannebrog,Nebraska,2010,303,-13.9
Dannebrog,Nebraska,2020,273,-9.9
Dodge,Nebraska,1890,338,0.0
Dodge,Nebraska,1900,554,63.9
Dodge,Nebraska,1910,661,19.3
Dodge,Nebraska,1920,648,-2.0
Dodge,Nebraska,1930,693,6.9
Dodge,Nebraska,1940,656,-5.3
Dodge,Nebraska,1950,633,-3.5
Dodge,Nebraska,1960,649,2.5
Dodge,Nebraska,1970,704,8.5
Dodge,Nebraska,1980,815,15.8
Dodge,Nebraska,1990,693,-15.0
Dodge,Nebraska,2000,700,1.0
Dodge,Nebraska,2010,612,-12.6
Dodge,Nebraska,2020,611,-0.2
Eddyville,Nebraska,1900,101,0.0
Eddyville,Nebraska,1910,254,151.5
Eddyville,Nebraska,1920,227,-10.6
Eddyville,Nebraska,1930,224,-1.3
Eddyville,Nebraska,1940,237,5.8
Eddyville,Nebraska,1950,186,-21.5
Eddyville,Nebraska,1960,119,-36.0
Eddyville,Nebraska,1970,128,7.6
Eddyville,Nebraska,1980,121,-5.5
Eddyville,Nebraska,1990,102,-15.7
Eddyville,Nebraska,2000,96,-5.9
Eddyville,Nebraska,2010,97,1.0
Eddyville,Nebraska,2020,88,-9.3
Elgin,Nebraska,1900,451,0.0
Elgin,Nebraska,1910,606,34.4
Elgin,Nebraska,1920,854,40.9
Elgin,Nebraska,1930,917,7.4
Elgin,Nebraska,1940,853,-7.0
Elgin,Nebraska,1950,820,-3.9
Elgin,Nebraska,1960,881,7.4
Elgin,Nebraska,1970,917,4.1
Elgin,Nebraska,1980,807,-12.0
Elgin,Nebraska,1990,731,-9.4
Elgin,Nebraska,2000,735,0.5
Elgin,Nebraska,2010,661,-10.1
Elgin,Nebraska,2020,717,8.5
Emerson,Nebraska,1900,617,0.0
Emerson,Nebraska,1910,838,35.8
Emerson,Nebraska,1920,864,3.1
Emerson,Nebraska,1930,891,3.1
Emerson,Nebraska,1940,879,-1.3
Emerson,Nebraska,1950,784,-10.8
Emerson,Nebraska,1960,803,2.4
Emerson,Nebraska,1970,850,5.9
Emerson,Nebraska,1980,874,2.8
Emerson,Nebraska,1990,791,-9.5
Emerson,Nebraska,2000,817,3.3
Emerson,Nebraska,2010,840,2.8
Emerson,Nebraska,2020,840,0.0
Emmet,Nebraska,1920,130,0.0
Emmet,Nebraska,1930,88,-32.3
Emmet,Nebraska,1940,89,1.1
Emmet,Nebraska,1950,62,-30.3
Emmet,Nebraska,1960,66,6.5
Emmet,Nebraska,1970,70,6.1
Emmet,Nebraska,1980,73,4.3
Emmet,Nebraska,1990,70,-4.1
Emmet,Nebraska,2000,77,10.0
Emmet,Nebraska,2010,48,-37.7
Emmet,Nebraska,2020,46,-4.2
Ericson,Nebraska,1920,192,0.0
Ericson,Nebraska,1930,272,41.7
Ericson,Nebraska,1940,279,2.6
Ericson,Nebraska,1950,186,-33.3
Ericson,Nebraska,1960,157,-15.6
Ericson,Nebraska,1970,122,-22.3
Ericson,Nebraska,1980,132,8.2
Ericson,Nebraska,1990,111,-15.9
Ericson,Nebraska,2000,104,-6.3
Ericson,Nebraska,2010,92,-11.5
Ericson,Nebraska,2020,89,-3.3
Ewing,Nebraska,1890,348,0.0
Ewing,Nebraska,1900,275,-21.0
Ewing,Nebraska,1910,440,60.0
Ewing,Nebraska,1920,543,23.4
Ewing,Nebraska,1930,588,8.3
Ewing,Nebraska,1940,681,15.8
Ewing,Nebraska,1950,705,3.5
Ewing,Nebraska,1960,583,-17.3
Ewing,Nebraska,1970,552,-5.3
Ewing,Nebraska,1980,520,-5.8
Ewing,Nebraska,1990,449,-13.7
Ewing,Nebraska,2000,433,-3.6
Ewing,Nebraska,2010,387,-10.6
Ewing,Nebraska,2020,373,-3.6
Farwell,Nebraska,1900,130,0.0
Farwell,Nebraska,1910,246,89.2
Farwell,Nebraska,1920,387,57.3
Farwell,Nebraska,1930,230,-40.6
Farwell,Nebraska,1940,200,-13.0
Farwell,Nebraska,1950,172,-14.0
Farwell,Nebraska,1960,137,-20.3
Farwell,Nebraska,1970,172,25.5
Farwell,Nebraska,1980,165,-4.1
Farwell,Nebraska,1990,152,-7.9
Farwell,Nebraska,2000,148,-2.6
Farwell,Nebraska,2010,122,-17.6
Farwell,Nebraska,2020,138,13.1
Fordyce,Nebraska,1920,150,0.0
Fordyce,Nebraska,1930,192,28.0
Fordyce,Nebraska,1940,202,5.2
Fordyce,Nebraska,1950,165,-18.3
Fordyce,Nebraska,1960,143,-13.3
Fordyce,Nebraska,1970,146,2.1
Fordyce,Nebraska,1980,148,1.4
Fordyce,Nebraska,1990,190,28.4
Fordyce,Nebraska,2000,182,-4.2
Fordyce,Nebraska,2010,139,-23.6
Fordyce,Nebraska,2020,133,-4.3
Foster,Nebraska,1910,122,0.0
Foster,Nebraska,1920,140,14.8
Foster,Nebraska,1930,122,-12.9
Foster,Nebraska,1940,128,4.9
Foster,Nebraska,1950,114,-10.9
Foster,Nebraska,1960,60,-47.4
Foster,Nebraska,1970,79,31.7
Foster,Nebraska,1980,81,2.5
Foster,Nebraska,1990,57,-29.6
Foster,Nebraska,2000,63,10.5
Foster,Nebraska,2010,51,-19.0
Foster,Nebraska,2020,42,-17.6
Gordon,Nebraska,1900,542,0.0
Gordon,Nebraska,1910,920,69.7
Gordon,Nebraska,1920,1581,71.8
Gordon,Nebraska,1930,1958,23.8
Gordon,Nebraska,1940,1967,0.5
Gordon,Nebraska,1950,2058,4.6
Gordon,Nebraska,1960,2223,8.0
Gordon,Nebraska,1970,2106,-5.3
Gordon,Nebraska,1980,2167,2.9
Gordon,Nebraska,1990,1803,-16.8
Gordon,Nebraska,2000,1756,-2.6
Gordon,Nebraska,2010,1612,-8.2
Gordon,Nebraska,2020,1504,-6.7
Greeley Center,Nebraska,1890,492,0.0
Greeley Center,Nebraska,1900,552,12.2
Greeley Center,Nebraska,1910,845,53.1
Greeley Center,Nebraska,1920,919,8.8
Greeley Center,Nebraska,1930,857,-6.7
Greeley Center,Nebraska,1940,891,4.0
Greeley Center,Nebraska,1950,787,-11.7
Greeley Center,Nebraska,1960,656,-16.6
Greeley Center,Nebraska,1970,580,-11.6
Greeley Center,Nebraska,1980,597,2.9
Greeley Center,Nebraska,1990,562,-5.9
Greeley Center,Nebraska,2000,531,-5.5
Greeley Center,Nebraska,2010,466,-12.2
Greeley Center,Nebraska,2020,402,-13.7
Hadar,Nebraska,1930,141,0.0
Hadar,Nebraska,1940,133,-5.7
Hadar,Nebraska,1950,129,-3.0
Hadar,Nebraska,1960,100,-22.5
Hadar,Nebraska,1970,172,72.0
Hadar,Nebraska,1980,286,66.3
Hadar,Nebraska,1990,291,1.7
Hadar,Nebraska,2000,312,7.2
Hadar,Nebraska,2010,293,-6.1
Hadar,Nebraska,2020,280,-4.4
Hartington,Nebraska,1900,971,0.0
Hartington,Nebraska,1910,1413,45.5
Hartington,Nebraska,1920,1467,3.8
Hartington,Nebraska,1930,1568,6.9
Hartington,Nebraska,1940,1688,7.7
Hartington,Nebraska,1950,1660,-1.7
Hartington,Nebraska,1960,1648,-0.7
Hartington,Nebraska,1970,1581,-4.1
Hartington,Nebraska,1980,1730,9.4
Hartington,Nebraska,1990,1583,-8.5
Hartington,Nebraska,2000,1640,3.6
Hartington,Nebraska,2010,1554,-5.2
Hartington,Nebraska,2020,1514,-2.6
Hay Springs,Nebraska,1890,378,0.0
Hay Springs,Nebraska,1900,345,-8.7
Hay Springs,Nebraska,1910,408,18.3
Hay Springs,Nebraska,1920,577,41.4
Hay Springs,Nebraska,1930,853,47.8
Hay Springs,Nebraska,1940,819,-4.0
Hay Springs,Nebraska,1950,1091,33.2
Hay Springs,Nebraska,1960,823,-24.6
Hay Springs,Nebraska,1970,682,-17.1
Hay Springs,Nebraska,1980,794,16.4
Hay Springs,Nebraska,1990,693,-12.7
Hay Springs,Nebraska,2000,652,-5.9
Hay Springs,Nebraska,2010,570,-12.6
Hay Springs,Nebraska,2020,599,5.1
Herman,Nebraska,1880,95,0.0
Herman,Nebraska,1890,319,235.8
Herman,Nebraska,1900,321,0.6
Herman,Nebraska,1910,345,7.5
Herman,Nebraska,1920,385,11.6
Herman,Nebraska,1930,421,9.4
Herman,Nebraska,1940,427,1.4
Herman,Nebraska,1950,380,-11.0
Herman,Nebraska,1960,335,-11.8
Herman,Nebraska,1970,323,-3.6
Herman,Nebraska,1980,340,5.3
Herman,Nebraska,1990,186,-45.3
Herman,Nebraska,2000,310,66.7
Herman,Nebraska,2010,268,-13.5
Herman,Nebraska,2020,247,-7.8
Hooper,Nebraska,1880,204,0.0
Hooper,Nebraska,1890,670,228.4
Hooper,Nebraska,1900,840,25.4
Hooper,Nebraska,1910,741,-11.8
Hooper,Nebraska,1920,1014,36.8
Hooper,Nebraska,1930,985,-2.9
Hooper,Nebraska,1940,802,-18.6
Hooper,Nebraska,1950,859,7.1
Hooper,Nebraska,1960,832,-3.1
Hooper,Nebraska,1970,895,7.6
Hooper,Nebraska,1980,932,4.1
Hooper,Nebraska,1990,850,-8.8
Hooper,Nebraska,2000,827,-2.7
Hooper,Nebraska,2010,830,0.4
Hooper,Nebraska,2020,857,3.3
Hoskins,Nebraska,1900,175,0.0
Hoskins,Nebraska,1910,262,49.7
Hoskins,Nebraska,1920,274,4.6
Hoskins,Nebraska,1930,255,-6.9
Hoskins,Nebraska,1940,212,-16.9
Hoskins,Nebraska,1950,171,-19.3
Hoskins,Nebraska,1960,179,4.7
Hoskins,Nebraska,1970,271,51.4
Hoskins,Nebraska,1980,306,12.9
Hoskins,Nebraska,1990,307,0.3
Hoskins,Nebraska,2000,283,-7.8
Hoskins,Nebraska,2010,285,0.7
Hoskins,Nebraska,2020,267,-6.3
Howells,Nebraska,1890,197,0.0
Howells,Nebraska,1900,515,161.4
Howells,Nebraska,1910,800,55.3
Howells,Nebraska,1920,904,13.0
Howells,Nebraska,1930,952,5.3
Howells,Nebraska,1940,861,-9.6
Howells,Nebraska,1950,784,-8.9
Howells,Nebraska,1960,694,-11.5
Howells,Nebraska,1970,682,-1.7
Howells,Nebraska,1980,677,-0.7
Howells,Nebraska,1990,615,-9.2
Howells,Nebraska,2000,632,2.8
Howells,Nebraska,2010,561,-11.2
Howells,Nebraska,2020,561,0.0
Hubbard,Nebraska,1900,90,0.0
Hubbard,Nebraska,1910,150,66.7
Hubbard,Nebraska,1920,152,1.3
Hubbard,Nebraska,1930,180,18.4
Hubbard,Nebraska,1940,188,4.4
Hubbard,Nebraska,1950,145,-22.9
Hubbard,Nebraska,1960,138,-4.8
Hubbard,Nebraska,1970,151,9.4
Hubbard,Nebraska,1980,234,55.0
Hubbard,Nebraska,1990,199,-15.0
Hubbard,Nebraska,2000,234,17.6
Hubbard,Nebraska,2010,236,0.9
Hubbard,Nebraska,2020,153,-35.2
Humphrey,Nebraska,1890,691,0.0
Humphrey,Nebraska,1900,869,25.8
Humphrey,Nebraska,1910,868,-0.1
Humphrey,Nebraska,1920,835,-3.8
Humphrey,Nebraska,1930,854,2.3
Humphrey,Nebraska,1940,841,-1.5
Humphrey,Nebraska,1950,761,-9.5
Humphrey,Nebraska,1960,801,5.3
Humphrey,Nebraska,1970,862,7.6
Humphrey,Nebraska,1980,799,-7.3
Humphrey,Nebraska,1990,741,-7.3
Humphrey,Nebraska,2000,786,6.1
Humphrey,Nebraska,2010,760,-3.3
Humphrey,Nebraska,2020,857,12.8
Inman,Nebraska,1920,315,0.0
Inman,Nebraska,1930,285,-9.5
Inman,Nebraska,1940,206,-27.7
Inman,Nebraska,1950,237,15.0
Inman,Nebraska,1960,192,-19.0
Inman,Nebraska,1970,160,-16.7
Inman,Nebraska,1980,181,13.1
Inman,Nebraska,1990,159,-12.2
Inman,Nebraska,2000,148,-6.9
Inman,Nebraska,2010,129,-12.8
Inman,Nebraska,2020,95,-26.4
Johnstown,Nebraska,1920,290,0.0
Johnstown,Nebraska,1930,229,-21.0
Johnstown,Nebraska,1940,173,-24.5
Johnstown,Nebraska,1950,109,-37.0
Johnstown,Nebraska,1960,81,-25.7
Johnstown,Nebraska,1970,82,1.2
Johnstown,Nebraska,1980,78,-4.9
Johnstown,Nebraska,1990,48,-38.5
Johnstown,Nebraska,2000,53,10.4
Johnstown,Nebraska,2010,64,20.8
Johnstown,Nebraska,2020,47,-26.6
Kenesaw,Nebraska,1900,504,0.0
Kenesaw,Nebraska,1910,657,30.4
Kenesaw,Nebraska,1920,646,-1.7
Kenesaw,Nebraska,1930,614,-5.0
Kenesaw,Nebraska,1940,551,-10.3
Kenesaw,Nebraska,1950,584,6.0
Kenesaw,Nebraska,1960,546,-6.5
Kenesaw,Nebraska,1970,728,33.3
Kenesaw,Nebraska,1980,854,17.3
Kenesaw,Nebraska,1990,818,-4.2
Kenesaw,Nebraska,2000,873,6.7
Kenesaw,Nebraska,2010,880,0.8
Kenesaw,Nebraska,2020,919,4.4
Kilgore,Nebraska,1920,274,0.0
Kilgore,Nebraska,1930,232,-15.3
Kilgore,Nebraska,1940,173,-25.4
Kilgore,Nebraska,1950,189,9.2
Kilgore,Nebraska,1960,157,-16.9
Kilgore,Nebraska,1970,110,-29.9
Kilgore,Nebraska,1980,76,-30.9
Kilgore,Nebraska,1990,79,3.9
Kilgore,Nebraska,2000,99,25.3
Kilgore,Nebraska,2010,77,-22.2
Kilgore,Nebraska,2020,63,-18.2
Laurel,Nebraska,1900,514,0.0
Laurel,Nebraska,1910,514,0.0
Laurel,Nebraska,1920,830,61.5
Laurel,Nebraska,1930,864,4.1
Laurel,Nebraska,1940,861,-0.3
Laurel,Nebraska,1950,944,9.6
Laurel,Nebraska,1960,922,-2.3
Laurel,Nebraska,1970,1009,9.4
Laurel,Nebraska,1980,1031,2.2
Laurel,Nebraska,1990,981,-4.8
Laurel,Nebraska,2000,986,0.5
Laurel,Nebraska,2010,964,-2.2
Laurel,Nebraska,2020,975,1.1
Leigh,Nebraska,1880,54,0.0
Leigh,Nebraska,1890,249,361.1
Leigh,Nebraska,1900,439,76.3
Leigh,Nebraska,1910,567,29.2
Leigh,Nebraska,1920,516,-9.0
Leigh,Nebraska,1930,692,34.1
Leigh,Nebraska,1940,575,-16.9
Leigh,Nebraska,1950,551,-4.2
Leigh,Nebraska,1960,502,-8.9
Leigh,Nebraska,1970,501,-0.2
Leigh,Nebraska,1980,509,1.6
Leigh,Nebraska,1990,447,-12.2
Leigh,Nebraska,2000,442,-1.1
Leigh,Nebraska,2010,405,-8.4
Leigh,Nebraska,2020,435,7.4
Lindsay,Nebraska,1890,125,0.0
Lindsay,Nebraska,1900,316,152.8
Lindsay,Nebraska,1910,465,47.2
Lindsay,Nebraska,1920,490,5.4
Lindsay,Nebraska,1930,456,-6.9
Lindsay,Nebraska,1940,332,-27.2
Lindsay,Nebraska,1950,247,-25.6
Lindsay,Nebraska,1960,218,-11.7
Lindsay,Nebraska,1970,291,33.5
Lindsay,Nebraska,1980,383,31.6
Lindsay,Nebraska,1990,321,-16.2
Lindsay,Nebraska,2000,276,-14.0
Lindsay,Nebraska,2010,255,-7.6
Lindsay,Nebraska,2020,283,11.0
Long Pine,Nebraska,1890,562,0.0
Long Pine,Nebraska,1900,486,-13.5
Long Pine,Nebraska,1910,781,60.7
Long Pine,Nebraska,1920,1206,54.4
Long Pine,Nebraska,1930,937,-22.3
Long Pine,Nebraska,1940,824,-12.1
Long Pine,Nebraska,1950,567,-31.2
Long Pine,Nebraska,1960,487,-14.1
Long Pine,Nebraska,1970,363,-25.5
Long Pine,Nebraska,1980,521,43.5
Long Pine,Nebraska,1990,396,-24.0
Long Pine,Nebraska,2000,341,-13.9
Long Pine,Nebraska,2010,305,-10.6
Long Pine,Nebraska,2020,305,0.0
Loup City,Nebraska,1890,871,0.0
Loup City,Nebraska,1900,926,6.3
Loup City,Nebraska,1910,1128,21.8
Loup City,Nebraska,1920,1364,20.9
Loup City,Nebraska,1930,1446,6.0
Loup City,Nebraska,1940,1675,15.8
Loup City,Nebraska,1950,1508,-10.0
Loup City,Nebraska,1960,1415,-6.2
Loup City,Nebraska,1970,1456,2.9
Loup City,Nebraska,1980,1368,-6.0
Loup City,Nebraska,1990,1104,-19.3
Loup City,Nebraska,2000,1116,1.1
Loup City,Nebraska,2010,1173,5.1
Loup City,Nebraska,2020,1053,-10.2
Lynch,Nebraska,1900,231,0.0
Lynch,Nebraska,1910,583,152.4
Lynch,Nebraska,1920,589,1.0
Lynch,Nebraska,1930,498,-15.4
Lynch,Nebraska,1940,487,-2.2
Lynch,Nebraska,1950,440,-9.7
Lynch,Nebraska,1960,409,-7.0
Lynch,Nebraska,1970,375,-8.3
Lynch,Nebraska,1980,357,-4.8
Lynch,Nebraska,1990,296,-17.1
Lynch,Nebraska,2000,269,-9.1
Lynch,Nebraska,2010,245,-8.9
Lynch,Nebraska,2020,194,-20.8
Lyons,Nebraska,1880,90,0.0
Lyons,Nebraska,1890,532,491.1
Lyons,Nebraska,1900,847,59.2
Lyons,Nebraska,1910,865,2.1
Lyons,Nebraska,1920,1025,18.5
Lyons,Nebraska,1930,985,-3.9
Lyons,Nebraska,1940,1033,4.9
Lyons,Nebraska,1950,1011,-2.1
Lyons,Nebraska,1960,974,-3.7
Lyons,Nebraska,1970,1177,20.8
Lyons,Nebraska,1980,1214,3.1
Lyons,Nebraska,1990,1144,-5.8
Lyons,Nebraska,2000,963,-15.8
Lyons,Nebraska,2010,851,-11.6
Lyons,Nebraska,2020,824,-3.2
Magnet,Nebraska,1910,178,0.0
Magnet,Nebraska,1920,153,-14.0
Magnet,Nebraska,1930,160,4.6
Magnet,Nebraska,1940,152,-5.0
Magnet,Nebraska,1950,115,-24.3
Magnet,Nebraska,1960,116,0.9
Magnet,Nebraska,1970,88,-24.1
Magnet,Nebraska,1980,59,-33.0
Magnet,Nebraska,1990,69,16.9
Magnet,Nebraska,2000,79,14.5
Magnet,Nebraska,2010,57,-27.8
Magnet,Nebraska,2020,46,-19.3
Maskell,Nebraska,1920,165,0.0
Maskell,Nebraska,1930,131,-20.6
Maskell,Nebraska,1940,138,5.3
Maskell,Nebraska,1950,84,-39.1
Maskell,Nebraska,1960,54,-35.7
Maskell,Nebraska,1970,43,-20.4
Maskell,Nebraska,1980,76,76.7
Maskell,Nebraska,1990,54,-28.9
Maskell,Nebraska,2000,67,24.1
Maskell,Nebraska,2010,76,13.4
Maskell,Nebraska,2020,58,-23.7
Meadow Grove,Nebraska,1900,237,0.0
Meadow Grove,Nebraska,1910,388,63.7
Meadow Grove,Nebraska,1920,449,15.7
Meadow Grove,Nebraska,1930,483,7.6
Meadow Grove,Nebraska,1940,479,-0.8
Meadow Grove,Nebraska,1950,461,-3.8
Meadow Grove,Nebraska,1960,430,-6.7
Meadow Grove,Nebraska,1970,372,-13.5
Meadow Grove,Nebraska,1980,400,7.5
Meadow Grove,Nebraska,1990,332,-17.0
Meadow Grove,Nebraska,2000,311,-6.3
Meadow Grove,Nebraska,2010,301,-3.2
Meadow Grove,Nebraska,2020,287,-4.7
Merriman,Nebraska,1910,254,0.0
Merriman,Nebraska,1920,346,36.2
Merriman,Nebraska,1930,362,4.6
Merriman,Nebraska,1940,321,-11.3
Merriman,Nebraska,1950,260,-19.0
Merriman,Nebraska,1960,285,9.6
Merriman,Nebraska,1970,172,-39.6
Merriman,Nebraska,1980,159,-7.6
Merriman,Nebraska,1990,151,-5.0
Merriman,Nebraska,2000,118,-21.9
Merriman,Nebraska,2010,128,8.5
Merriman,Nebraska,2020,87,-32.0
Miller,Nebraska,1900,194,0.0
Miller,Nebraska,1910,330,70.1
Miller,Nebraska,1920,223,-32.4
Miller,Nebraska,1930,263,17.9
Miller,Nebraska,1940,205,-22.1
Miller,Nebraska,1950,179,-12.7
Miller,Nebraska,1960,137,-23.5
Miller,Nebraska,1970,130,-5.1
Miller,Nebraska,1980,147,13.1
Miller,Nebraska,1990,130,-11.6
Miller,Nebraska,2000,156,20.0
Miller,Nebraska,2010,136,-12.8
Miller,Nebraska,2020,129,-5.1
Monowi,Nebraska,1910,109,0.0
Monowi,Nebraska,1920,100,-8.3
Monowi,Nebraska,1930,123,23.0
Monowi,Nebraska,1940,99,-19.5
Monowi,Nebraska,1950,67,-32.3
Monowi,Nebraska,1960,40,-40.3
Monowi,Nebraska,1970,16,-60.0
Monowi,Nebraska,1980,18,12.5
Monowi,Nebraska,1990,6,-66.7
Monowi,Nebraska,2000,2,-66.7
Monowi,Nebraska,2010,1,-50.0
Monowi,Nebraska,2020,2,100.0
Neligh,Nebraska,1880,326,0.0
Neligh,Nebraska,1890,1209,270.9
Neligh,Nebraska,1900,1135,-6.1
Neligh,Nebraska,1910,1566,38.0
Neligh,Nebraska,1920,1724,10.1
Neligh,Nebraska,1930,1649,-4.4
Neligh,Nebraska,1940,1796,8.9
Neligh,Nebraska,1950,1822,1.4
Neligh,Nebraska,1960,1776,-2.5
Neligh,Nebraska,1970,1764,-0.7
Neligh,Nebraska,1980,1893,7.3
Neligh,Nebraska,1990,1742,-8.0
Neligh,Nebraska,2000,1651,-5.2
Neligh,Nebraska,2010,1599,-3.1
Neligh,Nebraska,2020,1536,-3.9
Nenzel,Nebraska,1930,76,0.0
Nenzel,Nebraska,1940,125,64.5
Nenzel,Nebraska,1950,24,-80.8
Nenzel,Nebraska,1960,43,79.2
Nenzel,Nebraska,1970,27,-37.2
Nenzel,Nebraska,1980,28,3.7
Nenzel,Nebraska,1990,8,-71.4
Nenzel,Nebraska,2000,13,62.5
Nenzel,Nebraska,2010,20,53.8
Nenzel,Nebraska,2020,17,-15.0
Newcastle,Nebraska,1900,331,0.0
Newcastle,Nebraska,1910,436,31.7
Newcastle,Nebraska,1920,500,14.7
Newcastle,Nebraska,1930,446,-10.8
Newcastle,Nebraska,1940,447,0.2
Newcastle,Nebraska,1950,426,-4.7
Newcastle,Nebraska,1960,357,-16.2
Newcastle,Nebraska,1970,347,-2.8
Newcastle,Nebraska,1980,348,0.3
Newcastle,Nebraska,1990,271,-22.1
Newcastle,Nebraska,2000,299,10.3
Newcastle,Nebraska,2010,325,8.7
Newcastle,Nebraska,2020,272,-16.3
Newman Grove,Nebraska,1890,330,0.0
Newman Grove,Nebraska,1900,696,110.9
Newman Grove,Nebraska,1910,850,22.1
Newman Grove,Nebraska,1920,1260,48.2
Newman Grove,Nebraska,1930,1146,-9.0
Newman Grove,Nebraska,1940,1036,-9.6
Newman Grove,Nebraska,1950,1004,-3.1
Newman Grove,Nebraska,1960,880,-12.4
Newman Grove,Nebraska,1970,863,-1.9
Newman Grove,Nebraska,1980,930,7.8
Newman Grove,Nebraska,1990,787,-15.4
Newman Grove,Nebraska,2000,797,1.3
Newman Grove,Nebraska,2010,721,-9.5
Newman Grove,Nebraska,2020,667,-7.5
Newport,Nebraska,1900,208,0.0
Newport,Nebraska,1910,268,28.8
Newport,Nebraska,1920,430,60.4
Newport,Nebraska,1930,273,-36.5
Newport,Nebraska,1940,275,0.7
Newport,Nebraska,1950,207,-24.7
Newport,Nebraska,1960,162,-21.7
Newport,Nebraska,1970,141,-13.0
Newport,Nebraska,1980,141,0.0
Newport,Nebraska,1990,136,-3.5
Newport,Nebraska,2000,98,-27.9
Newport,Nebraska,2010,97,-1.0
Newport,Nebraska,2020,68,-29.9
Niobrara,Nebraska,1880,475,0.0
Niobrara,Nebraska,1890,633,33.3
Niobrara,Nebraska,1900,459,-27.5
Niobrara,Nebraska,1910,633,37.9
Niobrara,Nebraska,1920,736,16.3
Niobrara,Nebraska,1930,761,3.4
Niobrara,Nebraska,1940,629,-17.3
Niobrara,Nebraska,1950,577,-8.3
Niobrara,Nebraska,1960,736,27.6
Niobrara,Nebraska,1970,602,-18.2
Niobrara,Nebraska,1980,419,-30.4
Niobrara,Nebraska,1990,376,-10.3
Niobrara,Nebraska,2000,379,0.8
Niobrara,Nebraska,2010,370,-2.4
Niobrara,Nebraska,2020,365,-1.4
O'Neill,Nebraska,1880,57,0.0
O'Neill,Nebraska,1890,1226,0.0
O'Neill,Nebraska,1900,1107,-9.7
O'Neill,Nebraska,1910,2089,88.7
O'Neill,Nebraska,1920,2107,0.9
O'Neill,Nebraska,1930,2019,-4.2
O'Neill,Nebraska,1940,2532,25.4
O'Neill,Nebraska,1950,3027,19.5
O'Neill,Nebraska,1960,3181,5.1
O'Neill,Nebraska,1970,3753,18.0
O'Neill,Nebraska,1980,4049,7.9
O'Neill,Nebraska,1990,3852,-4.9
O'Neill,Nebraska,2000,3733,-3.1
O'Neill,Nebraska,2010,3705,-0.8
O'Neill,Nebraska,2020,3581,-3.3
Oakdale,Nebraska,1880,338,0.0
Oakdale,Nebraska,1890,630,86.4
Oakdale,Nebraska,1900,585,-7.1
Oakdale,Nebraska,1910,631,7.9
Oakdale,Nebraska,1920,707,12.0
Oakdale,Nebraska,1930,663,-6.2
Oakdale,Nebraska,1940,561,-15.4
Oakdale,Nebraska,1950,502,-10.5
Oakdale,Nebraska,1960,397,-20.9
Oakdale,Nebraska,1970,322,-18.9
Oakdale,Nebraska,1980,410,27.3
Oakdale,Nebraska,1990,362,-11.7
Oakdale,Nebraska,2000,345,-4.7
Oakdale,Nebraska,2010,322,-6.7
Oakdale,Nebraska,2020,276,-14.3
Oakland,Nebraska,1880,345,0.0
Oakland,Nebraska,1890,807,133.9
Oakland,Nebraska,1900,1008,24.9
Oakland,Nebraska,1910,1073,6.4
Oakland,Nebraska,1920,1356,26.4
Oakland,Nebraska,1930,1433,5.7
Oakland,Nebraska,1940,1380,-3.7
Oakland,Nebraska,1950,1456,5.5
Oakland,Nebraska,1960,1429,-1.9
Oakland,Nebraska,1970,1355,-5.2
Oakland,Nebraska,1980,1393,2.8
Oakland,Nebraska,1990,1279,-8.2
Oakland,Nebraska,2000,1367,6.9
Oakland,Nebraska,2010,1244,-9.0
Oakland,Nebraska,2020,1369,10.0
Obert,Nebraska,1920,116,0.0
Obert,Nebraska,1930,112,-3.4
Obert,Nebraska,1940,112,0.0
Obert,Nebraska,1950,91,-18.7
Obert,Nebraska,1960,42,-53.8
Obert,Nebraska,1970,36,-14.3
Obert,Nebraska,1980,44,22.2
Obert,Nebraska,1990,39,-11.4
Obert,Nebraska,2000,49,25.6
Obert,Nebraska,2010,23,-53.1
Obert,Nebraska,2020,23,0.0
Oconto,Nebraska,1910,245,0.0
Oconto,Nebraska,1920,272,11.0
Oconto,Nebraska,1930,243,-10.7
Oconto,Nebraska,1940,260,7.0
Oconto,Nebraska,1950,258,-0.8
Oconto,Nebraska,1960,219,-15.1
Oconto,Nebraska,1970,155,-29.2
Oconto,Nebraska,1980,176,13.5
Oconto,Nebraska,1990,147,-16.5
Oconto,Nebraska,2000,141,-4.1
Oconto,Nebraska,2010,151,7.1
Oconto,Nebraska,2020,138,-8.6
Ord,Nebraska,1880,181,0.0
Ord,Nebraska,1890,1208,567.4
Ord,Nebraska,1900,1372,13.6
Ord,Nebraska,1910,1960,42.9
Ord,Nebraska,1920,2143,9.3
Ord,Nebraska,1930,2226,3.9
Ord,Nebraska,1940,2240,0.6
Ord,Nebraska,1950,2239,0.0
Ord,Nebraska,1960,2413,7.8
Ord,Nebraska,1970,2439,1.1
Ord,Nebraska,1980,2658,9.0
Ord,Nebraska,1990,2481,-6.7
Ord,Nebraska,2000,2269,-8.5
Ord,Nebraska,2010,2112,-6.9
Ord,Nebraska,2020,2113,0.0
Palmer,Nebraska,1910,373,0.0
Palmer,Nebraska,1920,577,54.7
Palmer,Nebraska,1930,588,1.9
Palmer,Nebraska,1940,516,-12.2
Palmer,Nebraska,1950,434,-15.9
Palmer,Nebraska,1960,418,-3.7
Palmer,Nebraska,1970,391,-6.5
Palmer,Nebraska,1980,487,24.6
Palmer,Nebraska,1990,753,54.6
Palmer,Nebraska,2000,472,-37.3
Palmer,Nebraska,2010,472,0.0
Palmer,Nebraska,2020,439,-7.0
Pender,Nebraska,1890,429,0.0
Pender,Nebraska,1900,943,119.8
Pender,Nebraska,1910,804,-14.7
Pender,Nebraska,1920,992,23.4
Pender,Nebraska,1930,1006,1.4
Pender,Nebraska,1940,1135,12.8
Pender,Nebraska,1950,1167,2.8
Pender,Nebraska,1960,1165,-0.2
Pender,Nebraska,1970,1229,5.5
Pender,Nebraska,1980,1318,7.2
Pender,Nebraska,1990,1208,-8.3
Pender,Nebraska,2000,1148,-5.0
Pender,Nebraska,2010,1002,-12.7
Pender,Nebraska,2020,1115,11.3
Petersburg,Nebraska,1900,478,0.0
Petersburg,Nebraska,1910,533,11.5
Petersburg,Nebraska,1920,501,-6.0
Petersburg,Nebraska,1930,585,16.8
Petersburg,Nebraska,1940,657,12.3
Petersburg,Nebraska,1950,508,-22.7
Petersburg,Nebraska,1960,400,-21.3
Petersburg,Nebraska,1970,370,-7.5
Petersburg,Nebraska,1980,381,3.0
Petersburg,Nebraska,1990,388,1.8
Petersburg,Nebraska,2000,374,-3.6
Petersburg,Nebraska,2010,333,-11.0
Petersburg,Nebraska,2020,332,-0.3
Pierce,Nebraska,1880,73,0.0
Pierce,Nebraska,1890,563,671.2
Pierce,Nebraska,1900,770,36.8
Pierce,Nebraska,1910,1200,55.8
Pierce,Nebraska,1920,1105,-7.9
Pierce,Nebraska,1930,1271,15.0
Pierce,Nebraska,1940,1249,-1.7
Pierce,Nebraska,1950,1167,-6.6
Pierce,Nebraska,1960,1216,4.2
Pierce,Nebraska,1970,1360,11.8
Pierce,Nebraska,1980,1535,12.9
Pierce,Nebraska,1990,1615,5.2
Pierce,Nebraska,2000,1774,9.8
Pierce,Nebraska,2010,1767,-0.4
Pierce,Nebraska,2020,1845,4.4
Pilger,Nebraska,1880,11,0.0
Pilger,Nebraska,1890,162,0.0
Pilger,Nebraska,1900,250,54.3
Pilger,Nebraska,1910,471,88.4
Pilger,Nebraska,1920,563,19.5
Pilger,Nebraska,1930,578,2.7
Pilger,Nebraska,1940,537,-7.1
Pilger,Nebraska,1950,512,-4.7
Pilger,Nebraska,1960,491,-4.1
Pilger,Nebraska,1970,470,-4.3
Pilger,Nebraska,1980,400,-14.9
Pilger,Nebraska,1990,361,-9.7
Pilger,Nebraska,2000,378,4.7
Pilger,Nebraska,2010,352,-6.9
Pilger,Nebraska,2020,240,-31.8
Plainview,Nebraska,1890,375,0.0
Plainview,Nebraska,1900,603,60.8
Plainview,Nebraska,1910,941,56.1
Plainview,Nebraska,1920,1199,27.4
Plainview,Nebraska,1930,1216,1.4
Plainview,Nebraska,1940,1411,16.0
Plainview,Nebraska,1950,1427,1.1
Plainview,Nebraska,1960,1467,2.8
Plainview,Nebraska,1970,1494,1.8
Plainview,Nebraska,1980,1483,-0.7
Plainview,Nebraska,1990,1333,-10.1
Plainview,Nebraska,2000,1353,1.5
Plainview,Nebraska,2010,1246,-7.9
Plainview,Nebraska,2020,1282,2.9
Ponca,Nebraska,1880,594,0.0
Ponca,Nebraska,1890,1009,69.9
Ponca,Nebraska,1900,1043,3.4
Ponca,Nebraska,1910,1000,-4.1
Ponca,Nebraska,1920,1014,1.4
Ponca,Nebraska,1930,920,-9.3
Ponca,Nebraska,1940,1003,9.0
Ponca,Nebraska,1950,893,-11.0
Ponca,Nebraska,1960,924,3.5
Ponca,Nebraska,1970,984,6.5
Ponca,Nebraska,1980,1057,7.4
Ponca,Nebraska,1990,877,-17.0
Ponca,Nebraska,2000,1062,21.1
Ponca,Nebraska,2010,961,-9.5
Ponca,Nebraska,2020,907,-5.6
Randolph,Nebraska,1890,374,0.0
Randolph,Nebraska,1900,850,127.3
Randolph,Nebraska,1910,1137,33.8
Randolph,Nebraska,1920,1338,17.7
Randolph,Nebraska,1930,1145,-14.4
Randolph,Nebraska,1940,1094,-4.5
Randolph,Nebraska,1950,1029,-5.9
Randolph,Nebraska,1960,1063,3.3
Randolph,Nebraska,1970,1130,6.3
Randolph,Nebraska,1980,1106,-2.1
Randolph,Nebraska,1990,983,-11.1
Randolph,Nebraska,2000,955,-2.8
Randolph,Nebraska,2010,944,-1.2
Randolph,Nebraska,2020,881,-6.7
Riverdale,Nebraska,1930,129,0.0
Riverdale,Nebraska,1940,121,-6.2
Riverdale,Nebraska,1950,134,10.7
Riverdale,Nebraska,1960,144,7.5
Riverdale,Nebraska,1970,155,7.6
Riverdale,Nebraska,1980,204,31.6
Riverdale,Nebraska,1990,208,2.0
Riverdale,Nebraska,2000,213,2.4
Riverdale,Nebraska,2010,182,-14.6
Riverdale,Nebraska,2020,247,35.7
Rockville,Nebraska,1900,158,0.0
Rockville,Nebraska,1910,201,27.2
Rockville,Nebraska,1920,208,3.5
Rockville,Nebraska,1930,241,15.9
Rockville,Nebraska,1940,233,-3.3
Rockville,Nebraska,1950,164,-29.6
Rockville,Nebraska,1960,153,-6.7
Rockville,Nebraska,1970,114,-25.5
Rockville,Nebraska,1980,116,1.8
Rockville,Nebraska,1990,87,-25.0
Rockville,Nebraska,2000,111,27.6
Rockville,Nebraska,2010,106,-4.5
Rockville,Nebraska,2020,89,-16.0
Rushville,Nebraska,1890,484,0.0
Rushville,Nebraska,1900,483,-0.2
Rushville,Nebraska,1910,633,31.1
Rushville,Nebraska,1920,955,50.9
Rushville,Nebraska,1930,1006,5.3
Rushville,Nebraska,1940,1125,11.8
Rushville,Nebraska,1950,1266,12.5
Rushville,Nebraska,1960,1228,-3.0
Rushville,Nebraska,1970,1137,-7.4
Rushville,Nebraska,1980,1217,7.0
Rushville,Nebraska,1990,1127,-7.4
Rushville,Nebraska,2000,999,-11.4
Rushville,Nebraska,2010,890,-10.9
Rushville,Nebraska,2020,816,-8.3
Sargent,Nebraska,1900,250,0.0
Sargent,Nebraska,1910,651,160.4
Sargent,Nebraska,1920,1078,65.6
Sargent,Nebraska,1930,834,-22.6
Sargent,Nebraska,1940,847,1.6
Sargent,Nebraska,1950,818,-3.4
Sargent,Nebraska,1960,876,7.1
Sargent,Nebraska,1970,789,-9.9
Sargent,Nebraska,1980,828,4.9
Sargent,Nebraska,1990,710,-14.3
Sargent,Nebraska,2000,649,-8.6
Sargent,Nebraska,2010,525,-19.1
Sargent,Nebraska,2020,500,-4.8
Scribner,Nebraska,1880,193,0.0
Scribner,Nebraska,1890,664,244.0
Scribner,Nebraska,1900,827,24.5
Scribner,Nebraska,1910,891,7.7
Scribner,Nebraska,1920,1021,14.6
Scribner,Nebraska,1930,1066,4.4
Scribner,Nebraska,1940,904,-15.2
Scribner,Nebraska,1950,913,1.0
Scribner,Nebraska,1960,1021,11.8
Scribner,Nebraska,1970,1031,1.0
Scribner,Nebraska,1980,1011,-1.9
Scribner,Nebraska,1990,950,-6.0
Scribner,Nebraska,2000,971,2.2
Scribner,Nebraska,2010,857,-11.7
Scribner,Nebraska,2020,843,-1.6
Sholes,Nebraska,1920,50,0.0
Sholes,Nebraska,1930,90,80.0
Sholes,Nebraska,1940,72,-20.0
Sholes,Nebraska,1950,32,-55.6
Sholes,Nebraska,1960,26,-18.7
Sholes,Nebraska,1970,22,-15.4
Sholes,Nebraska,1980,27,22.7
Sholes,Nebraska,1990,22,-18.5
Sholes,Nebraska,2000,24,9.1
Sholes,Nebraska,2010,21,-12.5
Sholes,Nebraska,2020,15,-28.6
Snyder,Nebraska,1900,229,0.0
Snyder,Nebraska,1910,314,37.1
Snyder,Nebraska,1920,359,14.3
Snyder,Nebraska,1930,458,27.6
Snyder,Nebraska,1940,395,-13.8
Snyder,Nebraska,1950,369,-6.6
Snyder,Nebraska,1960,325,-11.9
Snyder,Nebraska,1970,383,17.8
Snyder,Nebraska,1980,387,1.0
Snyder,Nebraska,1990,280,-27.6
Snyder,Nebraska,2000,318,13.6
Snyder,Nebraska,2010,300,-5.7
Snyder,Nebraska,2020,254,-15.3
Spencer,Nebraska,1900,135,0.0
Spencer,Nebraska,1910,671,397.0
Spencer,Nebraska,1920,728,8.5
Spencer,Nebraska,1930,653,-10.3
Spencer,Nebraska,1940,635,-2.8
Spencer,Nebraska,1950,540,-15.0
Spencer,Nebraska,1960,671,24.3
Spencer,Nebraska,1970,606,-9.7
Spencer,Nebraska,1980,596,-1.7
Spencer,Nebraska,1990,536,-10.1
Spencer,Nebraska,2000,541,0.9
Spencer,Nebraska,2010,455,-15.9
Spencer,Nebraska,2020,408,-10.3
St. Paul,Nebraska,1880,482,0.0
St. Paul,Nebraska,1890,1263,162.0
St. Paul,Nebraska,1900,1475,16.8
St. Paul,Nebraska,1910,1336,-9.4
St. Paul,Nebraska,1920,1615,20.9
St. Paul,Nebraska,1930,1621,0.4
St. Paul,Nebraska,1940,1571,-3.1
St. Paul,Nebraska,1950,1676,6.7
St. Paul,Nebraska,1960,1714,2.3
St. Paul,Nebraska,1970,2026,18.2
St. Paul,Nebraska,1980,2094,3.4
St. Paul,Nebraska,1990,2009,-4.1
St. Paul,Nebraska,2000,2218,10.4
St. Paul,Nebraska,2010,2290,3.2
St. Paul,Nebraska,2020,2416,5.5
Stanton,Nebraska,1880,248,0.0
Stanton,Nebraska,1890,857,245.6
Stanton,Nebraska,1900,1052,22.8
Stanton,Nebraska,1910,1342,27.6
Stanton,Nebraska,1920,1487,10.8
Stanton,Nebraska,1930,1479,-0.5
Stanton,Nebraska,1940,1526,3.2
Stanton,Nebraska,1950,1403,-8.1
Stanton,Nebraska,1960,1317,-6.1
Stanton,Nebraska,1970,1363,3.5
Stanton,Nebraska,1980,1603,17.6
Stanton,Nebraska,1990,1549,-3.4
Stanton,Nebraska,2000,1627,5.0
Stanton,Nebraska,2010,1577,-3.1
Stanton,Nebraska,2020,1520,-3.6
Stuart,Nebraska,1890,245,0.0
Stuart,Nebraska,1900,382,55.9
Stuart,Nebraska,1910,467,22.3
Stuart,Nebraska,1920,739,58.2
Stuart,Nebraska,1930,763,3.2
Stuart,Nebraska,1940,760,-0.4
Stuart,Nebraska,1950,785,3.3
Stuart,Nebraska,1960,794,1.1
Stuart,Nebraska,1970,561,-29.3
Stuart,Nebraska,1980,641,14.3
Stuart,Nebraska,1990,650,1.4
Stuart,Nebraska,2000,625,-3.8
Stuart,Nebraska,2010,590,-5.6
Stuart,Nebraska,2020,486,-17.6
Sumner,Nebraska,1900,210,0.0
Sumner,Nebraska,1910,321,52.9
Sumner,Nebraska,1920,345,7.5
Sumner,Nebraska,1930,297,-13.9
Sumner,Nebraska,1940,296,-0.3
Sumner,Nebraska,1950,267,-9.8
Sumner,Nebraska,1960,254,-4.9
Sumner,Nebraska,1970,222,-12.6
Sumner,Nebraska,1980,254,14.4
Sumner,Nebraska,1990,210,-17.3
Sumner,Nebraska,2000,237,12.9
Sumner,Nebraska,2010,236,-0.4
Sumner,Nebraska,2020,252,6.8
Tekamah,Nebraska,1870,122,0.0
Tekamah,Nebraska,1880,776,536.1
Tekamah,Nebraska,1890,1244,60.3
Tekamah,Nebraska,1900,1597,28.4
Tekamah,Nebraska,1910,1524,-4.6
Tekamah,Nebraska,1920,1811,18.8
Tekamah,Nebraska,1930,1804,-0.4
Tekamah,Nebraska,1940,1925,6.7
Tekamah,Nebraska,1950,1914,-0.6
Tekamah,Nebraska,1960,1788,-6.6
Tekamah,Nebraska,1970,1848,3.4
Tekamah,Nebraska,1980,1886,2.1
Tekamah,Nebraska,1990,1852,-1.8
Tekamah,Nebraska,2000,1892,2.2
Tekamah,Nebraska,2010,1736,-8.2
Tekamah,Nebraska,2020,1714,-1.3
Thurston,Nebraska,1910,112,0.0
Thurston,Nebraska,1920,204,82.1
Thurston,Nebraska,1930,236,15.7
Thurston,Nebraska,1940,221,-6.4
Thurston,Nebraska,1950,156,-29.4
Thurston,Nebraska,1960,140,-10.3
Thurston,Nebraska,1970,117,-16.4
Thurston,Nebraska,1980,139,18.8
Thurston,Nebraska,1990,98,-29.5
Thurston,Nebraska,2000,125,27.6
Thurston,Nebraska,2010,132,5.6
Thurston,Nebraska,2020,116,-12.1
Tilden,Nebraska,1900,533,0.0
Tilden,Nebraska,1910,901,69.0
Tilden,Nebraska,1920,1101,22.2
Tilden,Nebraska,1930,1106,0.5
Tilden,Nebraska,1940,984,-11.0
Tilden,Nebraska,1950,1033,5.0
Tilden,Nebraska,1960,917,-11.2
Tilden,Nebraska,1970,947,3.3
Tilden,Nebraska,1980,1012,6.9
Tilden,Nebraska,1990,895,-11.6
Tilden,Nebraska,2000,1078,20.4
Tilden,Nebraska,2010,953,-11.6
Tilden,Nebraska,2020,992,4.1
Valentine,Nebraska,1900,811,0.0
Valentine,Nebraska,1910,1098,35.4
Valentine,Nebraska,1920,1596,45.4
Valentine,Nebraska,1930,1672,4.8
Valentine,Nebraska,1940,2188,30.9
Valentine,Nebraska,1950,2700,23.4
Valentine,Nebraska,1960,2875,6.5
Valentine,Nebraska,1970,2662,-7.4
Valentine,Nebraska,1980,2829,6.3
Valentine,Nebraska,1990,2826,-0.1
Valentine,Nebraska,2000,2820,-0.2
Valentine,Nebraska,2010,2737,-2.9
Valentine,Nebraska,2020,2633,-3.8
Verdel,Nebraska,1910,162,0.0
Verdel,Nebraska,1920,162,0.0
Verdel,Nebraska,1930,155,-4.3
Verdel,Nebraska,1940,108,-30.3
Verdel,Nebraska,1950,142,31.5
Verdel,Nebraska,1960,123,-13.4
Verdel,Nebraska,1970,74,-39.8
Verdel,Nebraska,1980,72,-2.7
Verdel,Nebraska,1990,59,-18.1
Verdel,Nebraska,2000,58,-1.7
Verdel,Nebraska,2010,30,-48.3
Verdel,Nebraska,2020,38,26.7
Verdigre,Nebraska,1890,207,0.0
Verdigre,Nebraska,1900,200,-3.4
Verdigre,Nebraska,1910,403,101.5
Verdigre,Nebraska,1920,528,31.0
Verdigre,Nebraska,1930,618,17.0
Verdigre,Nebraska,1940,556,-10.0
Verdigre,Nebraska,1950,570,2.5
Verdigre,Nebraska,1960,584,2.5
Verdigre,Nebraska,1970,570,-2.4
Verdigre,Nebraska,1980,617,8.2
Verdigre,Nebraska,1990,607,-1.6
Verdigre,Nebraska,2000,519,-14.5
Verdigre,Nebraska,2010,575,10.8
Verdigre,Nebraska,2020,554,-3.7
Wakefield,Nebraska,1900,755,0.0
Wakefield,Nebraska,1910,861,14.0
Wakefield,Nebraska,1920,1114,29.4
Wakefield,Nebraska,1930,1112,-0.2
Wakefield,Nebraska,1940,961,-13.6
Wakefield,Nebraska,1950,1027,6.9
Wakefield,Nebraska,1960,1068,4.0
Wakefield,Nebraska,1970,1160,8.6
Wakefield,Nebraska,1980,1125,-3.0
Wakefield,Nebraska,1990,1082,-3.8
Wakefield,Nebraska,2000,1411,30.4
Wakefield,Nebraska,2010,1451,2.8
Wakefield,Nebraska,2020,1522,4.9
Wausa,Nebraska,1900,441,0.0
Wausa,Nebraska,1910,604,37.0
Wausa,Nebraska,1920,688,13.9
Wausa,Nebraska,1930,754,9.6
Wausa,Nebraska,1940,732,-2.9
Wausa,Nebraska,1950,708,-3.3
Wausa,Nebraska,1960,724,2.3
Wausa,Nebraska,1970,720,-0.6
Wausa,Nebraska,1980,647,-10.1
Wausa,Nebraska,1990,598,-7.6
Wausa,Nebraska,2000,636,6.4
Wausa,Nebraska,2010,634,-0.3
Wausa,Nebraska,2020,592,-6.6
Wayne,Nebraska,1890,1178,0.0
Wayne,Nebraska,1900,2119,79.9
Wayne,Nebraska,1910,2140,1.0
Wayne,Nebraska,1920,2115,-1.2
Wayne,Nebraska,1930,2381,12.6
Wayne,Nebraska,1940,2719,14.2
Wayne,Nebraska,1950,3595,32.2
Wayne,Nebraska,1960,4217,17.3
Wayne,Nebraska,1970,5379,27.6
Wayne,Nebraska,1980,5240,-2.6
Wayne,Nebraska,1990,5142,-1.9
Wayne,Nebraska,2000,5583,8.6
Wayne,Nebraska,2010,5660,1.4
Wayne,Nebraska,2020,5973,5.5
West Point,Nebraska,1860,14,0.0
West Point,Nebraska,1870,520,0.0
West Point,Nebraska,1880,1009,94.0
West Point,Nebraska,1890,1842,82.6
West Point,Nebraska,1900,1890,2.6
West Point,Nebraska,1910,1776,-6.0
West Point,Nebraska,1920,2002,12.7
West Point,Nebraska,1930,2225,11.1
West Point,Nebraska,1940,2510,12.8
West Point,Nebraska,1950,2658,5.9
West Point,Nebraska,1960,2921,9.9
West Point,Nebraska,1970,3385,15.9
West Point,Nebraska,1980,3609,6.6
West Point,Nebraska,1990,3250,-9.9
West Point,Nebraska,2000,3660,12.6
West Point,Nebraska,2010,3364,-8.1
West Point,Nebraska,2020,3504,4.2
Winnetoon,Nebraska,1910,220,0.0
Winnetoon,Nebraska,1920,208,-5.5
Winnetoon,Nebraska,1930,159,-23.6
Winnetoon,Nebraska,1940,141,-11.3
Winnetoon,Nebraska,1950,120,-14.9
Winnetoon,Nebraska,1960,85,-29.2
Winnetoon,Nebraska,1970,84,-1.2
Winnetoon,Nebraska,1980,82,-2.4
Winnetoon,Nebraska,1990,59,-28.0
Winnetoon,Nebraska,2000,70,18.6
Winnetoon,Nebraska,2010,68,-2.9
Winnetoon,Nebraska,2020,54,-20.6
Winside,Nebraska,1890,130,0.0
Winside,Nebraska,1900,400,207.7
Winside,Nebraska,1910,450,12.5
Winside,Nebraska,1920,488,8.4
Winside,Nebraska,1930,483,-1.0
Winside,Nebraska,1940,451,-6.6
Winside,Nebraska,1950,454,0.7
Winside,Nebraska,1960,416,-8.4
Winside,Nebraska,1970,453,8.9
Winside,Nebraska,1980,439,-3.1
Winside,Nebraska,1990,434,-1.1
Winside,Nebraska,2000,468,7.8
Winside,Nebraska,2010,427,-8.8
Winside,Nebraska,2020,381,-10.8
Winslow,Nebraska,1910,99,0.0
Winslow,Nebraska,1920,154,55.6
Winslow,Nebraska,1930,156,1.3
Winslow,Nebraska,1940,130,-16.7
Winslow,Nebraska,1950,138,6.2
Winslow,Nebraska,1960,136,-1.4
Winslow,Nebraska,1970,145,6.6
Winslow,Nebraska,1980,143,-1.4
Winslow,Nebraska,1990,140,-2.1
Winslow,Nebraska,2000,104,-25.7
Winslow,Nebraska,2010,103,-1.0
Winslow,Nebraska,2020,19,-81.6
Wisner,Nebraska,1880,282,0.0
Wisner,Nebraska,1890,610,116.3
Wisner,Nebraska,1900,963,57.9
Wisner,Nebraska,1910,1081,12.3
Wisner,Nebraska,1920,1210,11.9
Wisner,Nebraska,1930,1327,9.7
Wisner,Nebraska,1940,1256,-5.4
Wisner,Nebraska,1950,1233,-1.8
Wisner,Nebraska,1960,1192,-3.3
Wisner,Nebraska,1970,1315,10.3
Wisner,Nebraska,1980,1335,1.5
Wisner,Nebraska,1990,1253,-6.1
Wisner,Nebraska,2000,1270,1.4
Wisner,Nebraska,2010,1170,-7.9
Wisner,Nebraska,2020,1239,5.9
Wolbach,Nebraska,1910,563,0.0
Wolbach,Nebraska,1920,589,4.6
Wolbach,Nebraska,1930,501,-14.9
Wolbach,Nebraska,1940,523,4.4
Wolbach,Nebraska,1950,442,-15.5
Wolbach,Nebraska,1960,382,-13.6
Wolbach,Nebraska,1970,366,-4.2
Wolbach,Nebraska,1980,301,-17.8
Wolbach,Nebraska,1990,280,-7.0
Wolbach,Nebraska,2000,287,2.5
Wolbach,Nebraska,2010,283,-1.4
Wolbach,Nebraska,2020,224,-20.8
Wood Lake,Nebraska,1910,198,0.0
Wood Lake,Nebraska,1920,323,63.1
Wood Lake,Nebraska,1930,293,-9.3
Wood Lake,Nebraska,1940,323,10.2
Wood Lake,Nebraska,1950,238,-26.3
Wood Lake,Nebraska,1960,197,-17.2
Wood Lake,Nebraska,1970,117,-40.6
Wood Lake,Nebraska,1980,89,-23.9
Wood Lake,Nebraska,1990,59,-33.7
Wood Lake,Nebraska,2000,72,22.0
Wood Lake,Nebraska,2010,63,-12.5
Wood Lake,Nebraska,2020,46,-27.0
Wynot,Nebraska,1910,258,0.0
Wynot,Nebraska,1920,368,42.6
Wynot,Nebraska,1930,348,-5.4
Wynot,Nebraska,1940,416,19.5
Wynot,Nebraska,1950,233,-44.0
Wynot,Nebraska,1960,209,-10.3
Wynot,Nebraska,1970,226,8.1
Wynot,Nebraska,1980,222,-1.8
Wynot,Nebraska,1990,213,-4.1
Wynot,Nebraska,2000,191,-10.3
Wynot,Nebraska,2010,166,-13.1
Wynot,Nebraska,2020,217,30.7
